"","date","month_day","month","year","week","week_day","year_day","holiday","long_weekend"
"1",2013-01-01,1,1,2013,1,2,1,1,1
"2",2013-01-02,2,1,2013,1,3,2,0,0
"3",2013-01-03,3,1,2013,1,4,3,0,0
"4",2013-01-04,4,1,2013,1,5,4,0,0
"5",2013-01-05,5,1,2013,1,6,5,0,0
"6",2013-01-06,6,1,2013,1,7,6,0,0
"7",2013-01-07,7,1,2013,2,1,7,0,0
"8",2013-01-08,8,1,2013,2,2,8,0,0
"9",2013-01-09,9,1,2013,2,3,9,0,0
"10",2013-01-10,10,1,2013,2,4,10,0,0
"11",2013-01-11,11,1,2013,2,5,11,0,0
"12",2013-01-12,12,1,2013,2,6,12,0,0
"13",2013-01-13,13,1,2013,2,7,13,0,0
"14",2013-01-14,14,1,2013,3,1,14,0,0
"15",2013-01-15,15,1,2013,3,2,15,0,0
"16",2013-01-16,16,1,2013,3,3,16,0,0
"17",2013-01-17,17,1,2013,3,4,17,0,0
"18",2013-01-18,18,1,2013,3,5,18,0,0
"19",2013-01-19,19,1,2013,3,6,19,0,0
"20",2013-01-20,20,1,2013,3,7,20,0,0
"21",2013-01-21,21,1,2013,4,1,21,0,0
"22",2013-01-22,22,1,2013,4,2,22,0,0
"23",2013-01-23,23,1,2013,4,3,23,0,0
"24",2013-01-24,24,1,2013,4,4,24,0,0
"25",2013-01-25,25,1,2013,4,5,25,0,0
"26",2013-01-26,26,1,2013,4,6,26,0,0
"27",2013-01-27,27,1,2013,4,7,27,0,0
"28",2013-01-28,28,1,2013,5,1,28,0,0
"29",2013-01-29,29,1,2013,5,2,29,0,0
"30",2013-01-30,30,1,2013,5,3,30,0,0
"31",2013-01-31,31,1,2013,5,4,31,0,0
"32",2013-02-01,1,2,2013,5,5,32,0,0
"33",2013-02-02,2,2,2013,5,6,33,0,0
"34",2013-02-03,3,2,2013,5,7,34,0,0
"35",2013-02-04,4,2,2013,6,1,35,0,0
"36",2013-02-05,5,2,2013,6,2,36,0,0
"37",2013-02-06,6,2,2013,6,3,37,0,0
"38",2013-02-07,7,2,2013,6,4,38,0,0
"39",2013-02-08,8,2,2013,6,5,39,0,0
"40",2013-02-09,9,2,2013,6,6,40,0,0
"41",2013-02-10,10,2,2013,6,7,41,0,0
"42",2013-02-11,11,2,2013,7,1,42,0,0
"43",2013-02-12,12,2,2013,7,2,43,0,0
"44",2013-02-13,13,2,2013,7,3,44,0,0
"45",2013-02-14,14,2,2013,7,4,45,0,0
"46",2013-02-15,15,2,2013,7,5,46,0,0
"47",2013-02-16,16,2,2013,7,6,47,0,0
"48",2013-02-17,17,2,2013,7,7,48,0,0
"49",2013-02-18,18,2,2013,8,1,49,0,0
"50",2013-02-19,19,2,2013,8,2,50,0,0
"51",2013-02-20,20,2,2013,8,3,51,0,0
"52",2013-02-21,21,2,2013,8,4,52,0,0
"53",2013-02-22,22,2,2013,8,5,53,0,0
"54",2013-02-23,23,2,2013,8,6,54,0,0
"55",2013-02-24,24,2,2013,8,7,55,0,0
"56",2013-02-25,25,2,2013,9,1,56,0,0
"57",2013-02-26,26,2,2013,9,2,57,0,0
"58",2013-02-27,27,2,2013,9,3,58,0,0
"59",2013-02-28,28,2,2013,9,4,59,0,0
"60",2013-03-01,1,3,2013,9,5,60,0,0
"61",2013-03-02,2,3,2013,9,6,61,0,0
"62",2013-03-03,3,3,2013,9,7,62,1,0
"63",2013-03-04,4,3,2013,10,1,63,0,0
"64",2013-03-05,5,3,2013,10,2,64,0,0
"65",2013-03-06,6,3,2013,10,3,65,0,0
"66",2013-03-07,7,3,2013,10,4,66,0,0
"67",2013-03-08,8,3,2013,10,5,67,0,0
"68",2013-03-09,9,3,2013,10,6,68,0,0
"69",2013-03-10,10,3,2013,10,7,69,0,0
"70",2013-03-11,11,3,2013,11,1,70,0,0
"71",2013-03-12,12,3,2013,11,2,71,0,0
"72",2013-03-13,13,3,2013,11,3,72,0,0
"73",2013-03-14,14,3,2013,11,4,73,0,0
"74",2013-03-15,15,3,2013,11,5,74,0,0
"75",2013-03-16,16,3,2013,11,6,75,0,0
"76",2013-03-17,17,3,2013,11,7,76,0,0
"77",2013-03-18,18,3,2013,12,1,77,0,0
"78",2013-03-19,19,3,2013,12,2,78,0,0
"79",2013-03-20,20,3,2013,12,3,79,0,0
"80",2013-03-21,21,3,2013,12,4,80,0,0
"81",2013-03-22,22,3,2013,12,5,81,0,0
"82",2013-03-23,23,3,2013,12,6,82,0,0
"83",2013-03-24,24,3,2013,12,7,83,0,0
"84",2013-03-25,25,3,2013,13,1,84,0,0
"85",2013-03-26,26,3,2013,13,2,85,0,0
"86",2013-03-27,27,3,2013,13,3,86,0,0
"87",2013-03-28,28,3,2013,13,4,87,0,0
"88",2013-03-29,29,3,2013,13,5,88,0,0
"89",2013-03-30,30,3,2013,13,6,89,0,0
"90",2013-03-31,31,3,2013,13,7,90,0,0
"91",2013-04-01,1,4,2013,14,1,91,0,0
"92",2013-04-02,2,4,2013,14,2,92,0,0
"93",2013-04-03,3,4,2013,14,3,93,0,0
"94",2013-04-04,4,4,2013,14,4,94,0,0
"95",2013-04-05,5,4,2013,14,5,95,0,0
"96",2013-04-06,6,4,2013,14,6,96,0,0
"97",2013-04-07,7,4,2013,14,7,97,0,0
"98",2013-04-08,8,4,2013,15,1,98,0,0
"99",2013-04-09,9,4,2013,15,2,99,0,0
"100",2013-04-10,10,4,2013,15,3,100,0,0
"101",2013-04-11,11,4,2013,15,4,101,0,0
"102",2013-04-12,12,4,2013,15,5,102,0,0
"103",2013-04-13,13,4,2013,15,6,103,0,0
"104",2013-04-14,14,4,2013,15,7,104,0,0
"105",2013-04-15,15,4,2013,16,1,105,0,0
"106",2013-04-16,16,4,2013,16,2,106,0,0
"107",2013-04-17,17,4,2013,16,3,107,0,0
"108",2013-04-18,18,4,2013,16,4,108,0,0
"109",2013-04-19,19,4,2013,16,5,109,0,0
"110",2013-04-20,20,4,2013,16,6,110,0,0
"111",2013-04-21,21,4,2013,16,7,111,0,0
"112",2013-04-22,22,4,2013,17,1,112,0,0
"113",2013-04-23,23,4,2013,17,2,113,0,0
"114",2013-04-24,24,4,2013,17,3,114,0,0
"115",2013-04-25,25,4,2013,17,4,115,0,0
"116",2013-04-26,26,4,2013,17,5,116,0,0
"117",2013-04-27,27,4,2013,17,6,117,0,0
"118",2013-04-28,28,4,2013,17,7,118,0,0
"119",2013-04-29,29,4,2013,18,1,119,0,0
"120",2013-04-30,30,4,2013,18,2,120,0,0
"121",2013-05-01,1,5,2013,18,3,121,1,0
"122",2013-05-02,2,5,2013,18,4,122,0,0
"123",2013-05-03,3,5,2013,18,5,123,1,1
"124",2013-05-04,4,5,2013,18,6,124,1,1
"125",2013-05-05,5,5,2013,18,7,125,1,1
"126",2013-05-06,6,5,2013,19,1,126,1,1
"127",2013-05-07,7,5,2013,19,2,127,0,0
"128",2013-05-08,8,5,2013,19,3,128,0,0
"129",2013-05-09,9,5,2013,19,4,129,0,0
"130",2013-05-10,10,5,2013,19,5,130,0,0
"131",2013-05-11,11,5,2013,19,6,131,0,0
"132",2013-05-12,12,5,2013,19,7,132,0,0
"133",2013-05-13,13,5,2013,20,1,133,0,0
"134",2013-05-14,14,5,2013,20,2,134,0,0
"135",2013-05-15,15,5,2013,20,3,135,0,0
"136",2013-05-16,16,5,2013,20,4,136,0,0
"137",2013-05-17,17,5,2013,20,5,137,0,0
"138",2013-05-18,18,5,2013,20,6,138,0,0
"139",2013-05-19,19,5,2013,20,7,139,0,0
"140",2013-05-20,20,5,2013,21,1,140,0,0
"141",2013-05-21,21,5,2013,21,2,141,0,0
"142",2013-05-22,22,5,2013,21,3,142,0,0
"143",2013-05-23,23,5,2013,21,4,143,0,0
"144",2013-05-24,24,5,2013,21,5,144,1,1
"145",2013-05-25,25,5,2013,21,6,145,0,1
"146",2013-05-26,26,5,2013,21,7,146,0,1
"147",2013-05-27,27,5,2013,22,1,147,0,0
"148",2013-05-28,28,5,2013,22,2,148,0,0
"149",2013-05-29,29,5,2013,22,3,149,0,0
"150",2013-05-30,30,5,2013,22,4,150,0,0
"151",2013-05-31,31,5,2013,22,5,151,0,0
"152",2013-06-01,1,6,2013,22,6,152,0,0
"153",2013-06-02,2,6,2013,22,7,153,0,0
"154",2013-06-03,3,6,2013,23,1,154,0,0
"155",2013-06-04,4,6,2013,23,2,155,0,0
"156",2013-06-05,5,6,2013,23,3,156,0,0
"157",2013-06-06,6,6,2013,23,4,157,0,0
"158",2013-06-07,7,6,2013,23,5,158,0,0
"159",2013-06-08,8,6,2013,23,6,159,0,0
"160",2013-06-09,9,6,2013,23,7,160,0,0
"161",2013-06-10,10,6,2013,24,1,161,0,0
"162",2013-06-11,11,6,2013,24,2,162,0,0
"163",2013-06-12,12,6,2013,24,3,163,0,0
"164",2013-06-13,13,6,2013,24,4,164,0,0
"165",2013-06-14,14,6,2013,24,5,165,0,0
"166",2013-06-15,15,6,2013,24,6,166,0,0
"167",2013-06-16,16,6,2013,24,7,167,0,0
"168",2013-06-17,17,6,2013,25,1,168,0,0
"169",2013-06-18,18,6,2013,25,2,169,0,0
"170",2013-06-19,19,6,2013,25,3,170,0,0
"171",2013-06-20,20,6,2013,25,4,171,0,0
"172",2013-06-21,21,6,2013,25,5,172,0,0
"173",2013-06-22,22,6,2013,25,6,173,0,0
"174",2013-06-23,23,6,2013,25,7,174,0,0
"175",2013-06-24,24,6,2013,26,1,175,0,0
"176",2013-06-25,25,6,2013,26,2,176,0,0
"177",2013-06-26,26,6,2013,26,3,177,0,0
"178",2013-06-27,27,6,2013,26,4,178,0,0
"179",2013-06-28,28,6,2013,26,5,179,0,0
"180",2013-06-29,29,6,2013,26,6,180,0,0
"181",2013-06-30,30,6,2013,26,7,181,0,0
"182",2013-07-01,1,7,2013,27,1,182,0,0
"183",2013-07-02,2,7,2013,27,2,183,0,0
"184",2013-07-03,3,7,2013,27,3,184,0,0
"185",2013-07-04,4,7,2013,27,4,185,0,0
"186",2013-07-05,5,7,2013,27,5,186,0,0
"187",2013-07-06,6,7,2013,27,6,187,0,0
"188",2013-07-07,7,7,2013,27,7,188,0,0
"189",2013-07-08,8,7,2013,28,1,189,0,0
"190",2013-07-09,9,7,2013,28,2,190,0,0
"191",2013-07-10,10,7,2013,28,3,191,0,0
"192",2013-07-11,11,7,2013,28,4,192,0,0
"193",2013-07-12,12,7,2013,28,5,193,0,0
"194",2013-07-13,13,7,2013,28,6,194,0,0
"195",2013-07-14,14,7,2013,28,7,195,0,0
"196",2013-07-15,15,7,2013,29,1,196,0,0
"197",2013-07-16,16,7,2013,29,2,197,0,0
"198",2013-07-17,17,7,2013,29,3,198,0,0
"199",2013-07-18,18,7,2013,29,4,199,0,0
"200",2013-07-19,19,7,2013,29,5,200,0,0
"201",2013-07-20,20,7,2013,29,6,201,0,0
"202",2013-07-21,21,7,2013,29,7,202,0,0
"203",2013-07-22,22,7,2013,30,1,203,0,0
"204",2013-07-23,23,7,2013,30,2,204,0,0
"205",2013-07-24,24,7,2013,30,3,205,0,0
"206",2013-07-25,25,7,2013,30,4,206,0,0
"207",2013-07-26,26,7,2013,30,5,207,0,0
"208",2013-07-27,27,7,2013,30,6,208,0,0
"209",2013-07-28,28,7,2013,30,7,209,0,0
"210",2013-07-29,29,7,2013,31,1,210,0,0
"211",2013-07-30,30,7,2013,31,2,211,0,0
"212",2013-07-31,31,7,2013,31,3,212,0,0
"213",2013-08-01,1,8,2013,31,4,213,0,0
"214",2013-08-02,2,8,2013,31,5,214,0,0
"215",2013-08-03,3,8,2013,31,6,215,0,0
"216",2013-08-04,4,8,2013,31,7,216,0,0
"217",2013-08-05,5,8,2013,32,1,217,0,0
"218",2013-08-06,6,8,2013,32,2,218,0,0
"219",2013-08-07,7,8,2013,32,3,219,0,0
"220",2013-08-08,8,8,2013,32,4,220,0,0
"221",2013-08-09,9,8,2013,32,5,221,0,0
"222",2013-08-10,10,8,2013,32,6,222,0,0
"223",2013-08-11,11,8,2013,32,7,223,0,0
"224",2013-08-12,12,8,2013,33,1,224,0,0
"225",2013-08-13,13,8,2013,33,2,225,0,0
"226",2013-08-14,14,8,2013,33,3,226,0,0
"227",2013-08-15,15,8,2013,33,4,227,0,0
"228",2013-08-16,16,8,2013,33,5,228,0,0
"229",2013-08-17,17,8,2013,33,6,229,0,0
"230",2013-08-18,18,8,2013,33,7,230,0,0
"231",2013-08-19,19,8,2013,34,1,231,0,0
"232",2013-08-20,20,8,2013,34,2,232,0,0
"233",2013-08-21,21,8,2013,34,3,233,0,0
"234",2013-08-22,22,8,2013,34,4,234,0,0
"235",2013-08-23,23,8,2013,34,5,235,0,0
"236",2013-08-24,24,8,2013,34,6,236,0,0
"237",2013-08-25,25,8,2013,34,7,237,0,0
"238",2013-08-26,26,8,2013,35,1,238,0,0
"239",2013-08-27,27,8,2013,35,2,239,0,0
"240",2013-08-28,28,8,2013,35,3,240,0,0
"241",2013-08-29,29,8,2013,35,4,241,0,0
"242",2013-08-30,30,8,2013,35,5,242,0,0
"243",2013-08-31,31,8,2013,35,6,243,0,0
"244",2013-09-01,1,9,2013,35,7,244,0,0
"245",2013-09-02,2,9,2013,36,1,245,0,0
"246",2013-09-03,3,9,2013,36,2,246,0,0
"247",2013-09-04,4,9,2013,36,3,247,0,0
"248",2013-09-05,5,9,2013,36,4,248,0,0
"249",2013-09-06,6,9,2013,36,5,249,1,1
"250",2013-09-07,7,9,2013,36,6,250,0,1
"251",2013-09-08,8,9,2013,36,7,251,0,1
"252",2013-09-09,9,9,2013,37,1,252,0,0
"253",2013-09-10,10,9,2013,37,2,253,0,0
"254",2013-09-11,11,9,2013,37,3,254,0,0
"255",2013-09-12,12,9,2013,37,4,255,0,0
"256",2013-09-13,13,9,2013,37,5,256,0,0
"257",2013-09-14,14,9,2013,37,6,257,0,0
"258",2013-09-15,15,9,2013,37,7,258,0,0
"259",2013-09-16,16,9,2013,38,1,259,0,0
"260",2013-09-17,17,9,2013,38,2,260,0,0
"261",2013-09-18,18,9,2013,38,3,261,0,0
"262",2013-09-19,19,9,2013,38,4,262,0,0
"263",2013-09-20,20,9,2013,38,5,263,0,0
"264",2013-09-21,21,9,2013,38,6,264,0,0
"265",2013-09-22,22,9,2013,38,7,265,1,0
"266",2013-09-23,23,9,2013,39,1,266,0,0
"267",2013-09-24,24,9,2013,39,2,267,0,0
"268",2013-09-25,25,9,2013,39,3,268,0,0
"269",2013-09-26,26,9,2013,39,4,269,0,0
"270",2013-09-27,27,9,2013,39,5,270,0,0
"271",2013-09-28,28,9,2013,39,6,271,0,0
"272",2013-09-29,29,9,2013,39,7,272,0,0
"273",2013-09-30,30,9,2013,40,1,273,0,0
"274",2013-10-01,1,10,2013,40,2,274,0,0
"275",2013-10-02,2,10,2013,40,3,275,0,0
"276",2013-10-03,3,10,2013,40,4,276,0,0
"277",2013-10-04,4,10,2013,40,5,277,0,0
"278",2013-10-05,5,10,2013,40,6,278,0,0
"279",2013-10-06,6,10,2013,40,7,279,0,0
"280",2013-10-07,7,10,2013,41,1,280,0,0
"281",2013-10-08,8,10,2013,41,2,281,0,0
"282",2013-10-09,9,10,2013,41,3,282,0,0
"283",2013-10-10,10,10,2013,41,4,283,0,0
"284",2013-10-11,11,10,2013,41,5,284,0,0
"285",2013-10-12,12,10,2013,41,6,285,0,0
"286",2013-10-13,13,10,2013,41,7,286,0,0
"287",2013-10-14,14,10,2013,42,1,287,0,0
"288",2013-10-15,15,10,2013,42,2,288,0,0
"289",2013-10-16,16,10,2013,42,3,289,0,0
"290",2013-10-17,17,10,2013,42,4,290,0,0
"291",2013-10-18,18,10,2013,42,5,291,0,0
"292",2013-10-19,19,10,2013,42,6,292,0,0
"293",2013-10-20,20,10,2013,42,7,293,0,0
"294",2013-10-21,21,10,2013,43,1,294,0,0
"295",2013-10-22,22,10,2013,43,2,295,0,0
"296",2013-10-23,23,10,2013,43,3,296,0,0
"297",2013-10-24,24,10,2013,43,4,297,0,0
"298",2013-10-25,25,10,2013,43,5,298,0,0
"299",2013-10-26,26,10,2013,43,6,299,0,0
"300",2013-10-27,27,10,2013,43,7,300,0,0
"301",2013-10-28,28,10,2013,44,1,301,0,0
"302",2013-10-29,29,10,2013,44,2,302,0,0
"303",2013-10-30,30,10,2013,44,3,303,0,0
"304",2013-10-31,31,10,2013,44,4,304,0,0
"305",2013-11-01,1,11,2013,44,5,305,1,1
"306",2013-11-02,2,11,2013,44,6,306,0,1
"307",2013-11-03,3,11,2013,44,7,307,0,1
"308",2013-11-04,4,11,2013,45,1,308,0,0
"309",2013-11-05,5,11,2013,45,2,309,0,0
"310",2013-11-06,6,11,2013,45,3,310,0,0
"311",2013-11-07,7,11,2013,45,4,311,0,0
"312",2013-11-08,8,11,2013,45,5,312,0,0
"313",2013-11-09,9,11,2013,45,6,313,0,0
"314",2013-11-10,10,11,2013,45,7,314,0,0
"315",2013-11-11,11,11,2013,46,1,315,0,0
"316",2013-11-12,12,11,2013,46,2,316,0,0
"317",2013-11-13,13,11,2013,46,3,317,0,0
"318",2013-11-14,14,11,2013,46,4,318,0,0
"319",2013-11-15,15,11,2013,46,5,319,0,0
"320",2013-11-16,16,11,2013,46,6,320,0,0
"321",2013-11-17,17,11,2013,46,7,321,0,0
"322",2013-11-18,18,11,2013,47,1,322,0,0
"323",2013-11-19,19,11,2013,47,2,323,0,0
"324",2013-11-20,20,11,2013,47,3,324,0,0
"325",2013-11-21,21,11,2013,47,4,325,0,0
"326",2013-11-22,22,11,2013,47,5,326,0,0
"327",2013-11-23,23,11,2013,47,6,327,0,0
"328",2013-11-24,24,11,2013,47,7,328,0,0
"329",2013-11-25,25,11,2013,48,1,329,0,0
"330",2013-11-26,26,11,2013,48,2,330,0,0
"331",2013-11-27,27,11,2013,48,3,331,0,0
"332",2013-11-28,28,11,2013,48,4,332,0,0
"333",2013-11-29,29,11,2013,48,5,333,0,0
"334",2013-11-30,30,11,2013,48,6,334,0,0
"335",2013-12-01,1,12,2013,48,7,335,0,0
"336",2013-12-02,2,12,2013,49,1,336,0,0
"337",2013-12-03,3,12,2013,49,2,337,0,0
"338",2013-12-04,4,12,2013,49,3,338,0,0
"339",2013-12-05,5,12,2013,49,4,339,0,0
"340",2013-12-06,6,12,2013,49,5,340,0,0
"341",2013-12-07,7,12,2013,49,6,341,0,0
"342",2013-12-08,8,12,2013,49,7,342,0,0
"343",2013-12-09,9,12,2013,50,1,343,0,0
"344",2013-12-10,10,12,2013,50,2,344,0,0
"345",2013-12-11,11,12,2013,50,3,345,0,0
"346",2013-12-12,12,12,2013,50,4,346,0,0
"347",2013-12-13,13,12,2013,50,5,347,0,0
"348",2013-12-14,14,12,2013,50,6,348,0,0
"349",2013-12-15,15,12,2013,50,7,349,0,0
"350",2013-12-16,16,12,2013,51,1,350,0,0
"351",2013-12-17,17,12,2013,51,2,351,0,0
"352",2013-12-18,18,12,2013,51,3,352,0,0
"353",2013-12-19,19,12,2013,51,4,353,0,0
"354",2013-12-20,20,12,2013,51,5,354,0,0
"355",2013-12-21,21,12,2013,51,6,355,0,1
"356",2013-12-22,22,12,2013,51,7,356,0,1
"357",2013-12-23,23,12,2013,52,1,357,0,1
"358",2013-12-24,24,12,2013,52,2,358,1,1
"359",2013-12-25,25,12,2013,52,3,359,1,0
"360",2013-12-26,26,12,2013,52,4,360,1,1
"361",2013-12-27,27,12,2013,52,5,361,0,1
"362",2013-12-28,28,12,2013,52,6,362,0,1
"363",2013-12-29,29,12,2013,52,7,363,0,1
"364",2013-12-30,30,12,2013,1,1,364,0,0
"365",2013-12-31,31,12,2013,1,2,365,0,0
"366",2014-01-01,1,1,2014,1,3,1,1,0
"367",2014-01-02,2,1,2014,1,4,2,0,0
"368",2014-01-03,3,1,2014,1,5,3,0,0
"369",2014-01-04,4,1,2014,1,6,4,0,0
"370",2014-01-05,5,1,2014,1,7,5,0,0
"371",2014-01-06,6,1,2014,2,1,6,0,0
"372",2014-01-07,7,1,2014,2,2,7,0,0
"373",2014-01-08,8,1,2014,2,3,8,0,0
"374",2014-01-09,9,1,2014,2,4,9,0,0
"375",2014-01-10,10,1,2014,2,5,10,0,0
"376",2014-01-11,11,1,2014,2,6,11,0,0
"377",2014-01-12,12,1,2014,2,7,12,0,0
"378",2014-01-13,13,1,2014,3,1,13,0,0
"379",2014-01-14,14,1,2014,3,2,14,0,0
"380",2014-01-15,15,1,2014,3,3,15,0,0
"381",2014-01-16,16,1,2014,3,4,16,0,0
"382",2014-01-17,17,1,2014,3,5,17,0,0
"383",2014-01-18,18,1,2014,3,6,18,0,0
"384",2014-01-19,19,1,2014,3,7,19,0,0
"385",2014-01-20,20,1,2014,4,1,20,0,0
"386",2014-01-21,21,1,2014,4,2,21,0,0
"387",2014-01-22,22,1,2014,4,3,22,0,0
"388",2014-01-23,23,1,2014,4,4,23,0,0
"389",2014-01-24,24,1,2014,4,5,24,0,0
"390",2014-01-25,25,1,2014,4,6,25,0,0
"391",2014-01-26,26,1,2014,4,7,26,0,0
"392",2014-01-27,27,1,2014,5,1,27,0,0
"393",2014-01-28,28,1,2014,5,2,28,0,0
"394",2014-01-29,29,1,2014,5,3,29,0,0
"395",2014-01-30,30,1,2014,5,4,30,0,0
"396",2014-01-31,31,1,2014,5,5,31,0,0
"397",2014-02-01,1,2,2014,5,6,32,0,0
"398",2014-02-02,2,2,2014,5,7,33,0,0
"399",2014-02-03,3,2,2014,6,1,34,0,0
"400",2014-02-04,4,2,2014,6,2,35,0,0
"401",2014-02-05,5,2,2014,6,3,36,0,0
"402",2014-02-06,6,2,2014,6,4,37,0,0
"403",2014-02-07,7,2,2014,6,5,38,0,0
"404",2014-02-08,8,2,2014,6,6,39,0,0
"405",2014-02-09,9,2,2014,6,7,40,0,0
"406",2014-02-10,10,2,2014,7,1,41,0,0
"407",2014-02-11,11,2,2014,7,2,42,0,0
"408",2014-02-12,12,2,2014,7,3,43,0,0
"409",2014-02-13,13,2,2014,7,4,44,0,0
"410",2014-02-14,14,2,2014,7,5,45,0,0
"411",2014-02-15,15,2,2014,7,6,46,0,0
"412",2014-02-16,16,2,2014,7,7,47,0,0
"413",2014-02-17,17,2,2014,8,1,48,0,0
"414",2014-02-18,18,2,2014,8,2,49,0,0
"415",2014-02-19,19,2,2014,8,3,50,0,0
"416",2014-02-20,20,2,2014,8,4,51,0,0
"417",2014-02-21,21,2,2014,8,5,52,0,0
"418",2014-02-22,22,2,2014,8,6,53,0,0
"419",2014-02-23,23,2,2014,8,7,54,0,0
"420",2014-02-24,24,2,2014,9,1,55,0,0
"421",2014-02-25,25,2,2014,9,2,56,0,0
"422",2014-02-26,26,2,2014,9,3,57,0,0
"423",2014-02-27,27,2,2014,9,4,58,0,0
"424",2014-02-28,28,2,2014,9,5,59,0,0
"425",2014-03-01,1,3,2014,9,6,60,0,1
"426",2014-03-02,2,3,2014,9,7,61,0,1
"427",2014-03-03,3,3,2014,10,1,62,1,1
"428",2014-03-04,4,3,2014,10,2,63,0,0
"429",2014-03-05,5,3,2014,10,3,64,0,0
"430",2014-03-06,6,3,2014,10,4,65,0,0
"431",2014-03-07,7,3,2014,10,5,66,0,0
"432",2014-03-08,8,3,2014,10,6,67,0,0
"433",2014-03-09,9,3,2014,10,7,68,0,0
"434",2014-03-10,10,3,2014,11,1,69,0,0
"435",2014-03-11,11,3,2014,11,2,70,0,0
"436",2014-03-12,12,3,2014,11,3,71,0,0
"437",2014-03-13,13,3,2014,11,4,72,0,0
"438",2014-03-14,14,3,2014,11,5,73,0,0
"439",2014-03-15,15,3,2014,11,6,74,0,0
"440",2014-03-16,16,3,2014,11,7,75,0,0
"441",2014-03-17,17,3,2014,12,1,76,0,0
"442",2014-03-18,18,3,2014,12,2,77,0,0
"443",2014-03-19,19,3,2014,12,3,78,0,0
"444",2014-03-20,20,3,2014,12,4,79,0,0
"445",2014-03-21,21,3,2014,12,5,80,0,0
"446",2014-03-22,22,3,2014,12,6,81,0,0
"447",2014-03-23,23,3,2014,12,7,82,0,0
"448",2014-03-24,24,3,2014,13,1,83,0,0
"449",2014-03-25,25,3,2014,13,2,84,0,0
"450",2014-03-26,26,3,2014,13,3,85,0,0
"451",2014-03-27,27,3,2014,13,4,86,0,0
"452",2014-03-28,28,3,2014,13,5,87,0,0
"453",2014-03-29,29,3,2014,13,6,88,0,0
"454",2014-03-30,30,3,2014,13,7,89,0,0
"455",2014-03-31,31,3,2014,14,1,90,0,0
"456",2014-04-01,1,4,2014,14,2,91,0,0
"457",2014-04-02,2,4,2014,14,3,92,0,0
"458",2014-04-03,3,4,2014,14,4,93,0,0
"459",2014-04-04,4,4,2014,14,5,94,0,0
"460",2014-04-05,5,4,2014,14,6,95,0,0
"461",2014-04-06,6,4,2014,14,7,96,0,0
"462",2014-04-07,7,4,2014,15,1,97,0,0
"463",2014-04-08,8,4,2014,15,2,98,0,0
"464",2014-04-09,9,4,2014,15,3,99,0,0
"465",2014-04-10,10,4,2014,15,4,100,0,0
"466",2014-04-11,11,4,2014,15,5,101,0,0
"467",2014-04-12,12,4,2014,15,6,102,0,0
"468",2014-04-13,13,4,2014,15,7,103,0,0
"469",2014-04-14,14,4,2014,16,1,104,0,0
"470",2014-04-15,15,4,2014,16,2,105,0,0
"471",2014-04-16,16,4,2014,16,3,106,0,0
"472",2014-04-17,17,4,2014,16,4,107,0,0
"473",2014-04-18,18,4,2014,16,5,108,1,1
"474",2014-04-19,19,4,2014,16,6,109,1,1
"475",2014-04-20,20,4,2014,16,7,110,1,1
"476",2014-04-21,21,4,2014,17,1,111,0,0
"477",2014-04-22,22,4,2014,17,2,112,0,0
"478",2014-04-23,23,4,2014,17,3,113,0,0
"479",2014-04-24,24,4,2014,17,4,114,0,0
"480",2014-04-25,25,4,2014,17,5,115,0,0
"481",2014-04-26,26,4,2014,17,6,116,0,0
"482",2014-04-27,27,4,2014,17,7,117,0,0
"483",2014-04-28,28,4,2014,18,1,118,0,0
"484",2014-04-29,29,4,2014,18,2,119,0,0
"485",2014-04-30,30,4,2014,18,3,120,0,0
"486",2014-05-01,1,5,2014,18,4,121,1,1
"487",2014-05-02,2,5,2014,18,5,122,0,1
"488",2014-05-03,3,5,2014,18,6,123,0,1
"489",2014-05-04,4,5,2014,18,7,124,0,1
"490",2014-05-05,5,5,2014,19,1,125,0,1
"491",2014-05-06,6,5,2014,19,2,126,1,1
"492",2014-05-07,7,5,2014,19,3,127,0,0
"493",2014-05-08,8,5,2014,19,4,128,0,0
"494",2014-05-09,9,5,2014,19,5,129,0,0
"495",2014-05-10,10,5,2014,19,6,130,0,0
"496",2014-05-11,11,5,2014,19,7,131,0,0
"497",2014-05-12,12,5,2014,20,1,132,0,0
"498",2014-05-13,13,5,2014,20,2,133,0,0
"499",2014-05-14,14,5,2014,20,3,134,0,0
"500",2014-05-15,15,5,2014,20,4,135,0,0
"501",2014-05-16,16,5,2014,20,5,136,0,0
"502",2014-05-17,17,5,2014,20,6,137,0,0
"503",2014-05-18,18,5,2014,20,7,138,0,0
"504",2014-05-19,19,5,2014,21,1,139,0,0
"505",2014-05-20,20,5,2014,21,2,140,0,0
"506",2014-05-21,21,5,2014,21,3,141,0,0
"507",2014-05-22,22,5,2014,21,4,142,0,0
"508",2014-05-23,23,5,2014,21,5,143,0,0
"509",2014-05-24,24,5,2014,21,6,144,1,0
"510",2014-05-25,25,5,2014,21,7,145,0,0
"511",2014-05-26,26,5,2014,22,1,146,0,0
"512",2014-05-27,27,5,2014,22,2,147,0,0
"513",2014-05-28,28,5,2014,22,3,148,0,0
"514",2014-05-29,29,5,2014,22,4,149,0,0
"515",2014-05-30,30,5,2014,22,5,150,0,0
"516",2014-05-31,31,5,2014,22,6,151,0,0
"517",2014-06-01,1,6,2014,22,7,152,0,0
"518",2014-06-02,2,6,2014,23,1,153,0,0
"519",2014-06-03,3,6,2014,23,2,154,0,0
"520",2014-06-04,4,6,2014,23,3,155,0,0
"521",2014-06-05,5,6,2014,23,4,156,0,0
"522",2014-06-06,6,6,2014,23,5,157,0,0
"523",2014-06-07,7,6,2014,23,6,158,0,0
"524",2014-06-08,8,6,2014,23,7,159,0,0
"525",2014-06-09,9,6,2014,24,1,160,0,0
"526",2014-06-10,10,6,2014,24,2,161,0,0
"527",2014-06-11,11,6,2014,24,3,162,0,0
"528",2014-06-12,12,6,2014,24,4,163,0,0
"529",2014-06-13,13,6,2014,24,5,164,0,0
"530",2014-06-14,14,6,2014,24,6,165,0,0
"531",2014-06-15,15,6,2014,24,7,166,0,0
"532",2014-06-16,16,6,2014,25,1,167,0,0
"533",2014-06-17,17,6,2014,25,2,168,0,0
"534",2014-06-18,18,6,2014,25,3,169,0,0
"535",2014-06-19,19,6,2014,25,4,170,0,0
"536",2014-06-20,20,6,2014,25,5,171,0,0
"537",2014-06-21,21,6,2014,25,6,172,0,0
"538",2014-06-22,22,6,2014,25,7,173,0,0
"539",2014-06-23,23,6,2014,26,1,174,0,0
"540",2014-06-24,24,6,2014,26,2,175,0,0
"541",2014-06-25,25,6,2014,26,3,176,0,0
"542",2014-06-26,26,6,2014,26,4,177,0,0
"543",2014-06-27,27,6,2014,26,5,178,0,0
"544",2014-06-28,28,6,2014,26,6,179,0,0
"545",2014-06-29,29,6,2014,26,7,180,0,0
"546",2014-06-30,30,6,2014,27,1,181,0,0
"547",2014-07-01,1,7,2014,27,2,182,0,0
"548",2014-07-02,2,7,2014,27,3,183,0,0
"549",2014-07-03,3,7,2014,27,4,184,0,0
"550",2014-07-04,4,7,2014,27,5,185,0,0
"551",2014-07-05,5,7,2014,27,6,186,0,0
"552",2014-07-06,6,7,2014,27,7,187,0,0
"553",2014-07-07,7,7,2014,28,1,188,0,0
"554",2014-07-08,8,7,2014,28,2,189,0,0
"555",2014-07-09,9,7,2014,28,3,190,0,0
"556",2014-07-10,10,7,2014,28,4,191,0,0
"557",2014-07-11,11,7,2014,28,5,192,0,0
"558",2014-07-12,12,7,2014,28,6,193,0,0
"559",2014-07-13,13,7,2014,28,7,194,0,0
"560",2014-07-14,14,7,2014,29,1,195,0,0
"561",2014-07-15,15,7,2014,29,2,196,0,0
"562",2014-07-16,16,7,2014,29,3,197,0,0
"563",2014-07-17,17,7,2014,29,4,198,0,0
"564",2014-07-18,18,7,2014,29,5,199,0,0
"565",2014-07-19,19,7,2014,29,6,200,0,0
"566",2014-07-20,20,7,2014,29,7,201,0,0
"567",2014-07-21,21,7,2014,30,1,202,0,0
"568",2014-07-22,22,7,2014,30,2,203,0,0
"569",2014-07-23,23,7,2014,30,3,204,0,0
"570",2014-07-24,24,7,2014,30,4,205,0,0
"571",2014-07-25,25,7,2014,30,5,206,0,0
"572",2014-07-26,26,7,2014,30,6,207,0,0
"573",2014-07-27,27,7,2014,30,7,208,0,0
"574",2014-07-28,28,7,2014,31,1,209,0,0
"575",2014-07-29,29,7,2014,31,2,210,0,0
"576",2014-07-30,30,7,2014,31,3,211,0,0
"577",2014-07-31,31,7,2014,31,4,212,0,0
"578",2014-08-01,1,8,2014,31,5,213,0,0
"579",2014-08-02,2,8,2014,31,6,214,0,0
"580",2014-08-03,3,8,2014,31,7,215,0,0
"581",2014-08-04,4,8,2014,32,1,216,0,0
"582",2014-08-05,5,8,2014,32,2,217,0,0
"583",2014-08-06,6,8,2014,32,3,218,0,0
"584",2014-08-07,7,8,2014,32,4,219,0,0
"585",2014-08-08,8,8,2014,32,5,220,0,0
"586",2014-08-09,9,8,2014,32,6,221,0,0
"587",2014-08-10,10,8,2014,32,7,222,0,0
"588",2014-08-11,11,8,2014,33,1,223,0,0
"589",2014-08-12,12,8,2014,33,2,224,0,0
"590",2014-08-13,13,8,2014,33,3,225,0,0
"591",2014-08-14,14,8,2014,33,4,226,0,0
"592",2014-08-15,15,8,2014,33,5,227,0,0
"593",2014-08-16,16,8,2014,33,6,228,0,0
"594",2014-08-17,17,8,2014,33,7,229,0,0
"595",2014-08-18,18,8,2014,34,1,230,0,0
"596",2014-08-19,19,8,2014,34,2,231,0,0
"597",2014-08-20,20,8,2014,34,3,232,0,0
"598",2014-08-21,21,8,2014,34,4,233,0,0
"599",2014-08-22,22,8,2014,34,5,234,0,0
"600",2014-08-23,23,8,2014,34,6,235,0,0
"601",2014-08-24,24,8,2014,34,7,236,0,0
"602",2014-08-25,25,8,2014,35,1,237,0,0
"603",2014-08-26,26,8,2014,35,2,238,0,0
"604",2014-08-27,27,8,2014,35,3,239,0,0
"605",2014-08-28,28,8,2014,35,4,240,0,0
"606",2014-08-29,29,8,2014,35,5,241,0,0
"607",2014-08-30,30,8,2014,35,6,242,0,0
"608",2014-08-31,31,8,2014,35,7,243,0,0
"609",2014-09-01,1,9,2014,36,1,244,0,0
"610",2014-09-02,2,9,2014,36,2,245,0,0
"611",2014-09-03,3,9,2014,36,3,246,0,0
"612",2014-09-04,4,9,2014,36,4,247,0,0
"613",2014-09-05,5,9,2014,36,5,248,0,0
"614",2014-09-06,6,9,2014,36,6,249,1,0
"615",2014-09-07,7,9,2014,36,7,250,0,0
"616",2014-09-08,8,9,2014,37,1,251,0,0
"617",2014-09-09,9,9,2014,37,2,252,0,0
"618",2014-09-10,10,9,2014,37,3,253,0,0
"619",2014-09-11,11,9,2014,37,4,254,0,0
"620",2014-09-12,12,9,2014,37,5,255,0,0
"621",2014-09-13,13,9,2014,37,6,256,0,0
"622",2014-09-14,14,9,2014,37,7,257,0,0
"623",2014-09-15,15,9,2014,38,1,258,0,0
"624",2014-09-16,16,9,2014,38,2,259,0,0
"625",2014-09-17,17,9,2014,38,3,260,0,0
"626",2014-09-18,18,9,2014,38,4,261,0,0
"627",2014-09-19,19,9,2014,38,5,262,0,0
"628",2014-09-20,20,9,2014,38,6,263,0,1
"629",2014-09-21,21,9,2014,38,7,264,0,1
"630",2014-09-22,22,9,2014,39,1,265,1,1
"631",2014-09-23,23,9,2014,39,2,266,0,0
"632",2014-09-24,24,9,2014,39,3,267,0,0
"633",2014-09-25,25,9,2014,39,4,268,0,0
"634",2014-09-26,26,9,2014,39,5,269,0,0
"635",2014-09-27,27,9,2014,39,6,270,0,0
"636",2014-09-28,28,9,2014,39,7,271,0,0
"637",2014-09-29,29,9,2014,40,1,272,0,0
"638",2014-09-30,30,9,2014,40,2,273,0,0
"639",2014-10-01,1,10,2014,40,3,274,0,0
"640",2014-10-02,2,10,2014,40,4,275,0,0
"641",2014-10-03,3,10,2014,40,5,276,0,0
"642",2014-10-04,4,10,2014,40,6,277,0,0
"643",2014-10-05,5,10,2014,40,7,278,0,0
"644",2014-10-06,6,10,2014,41,1,279,0,0
"645",2014-10-07,7,10,2014,41,2,280,0,0
"646",2014-10-08,8,10,2014,41,3,281,0,0
"647",2014-10-09,9,10,2014,41,4,282,0,0
"648",2014-10-10,10,10,2014,41,5,283,0,0
"649",2014-10-11,11,10,2014,41,6,284,0,0
"650",2014-10-12,12,10,2014,41,7,285,0,0
"651",2014-10-13,13,10,2014,42,1,286,0,0
"652",2014-10-14,14,10,2014,42,2,287,0,0
"653",2014-10-15,15,10,2014,42,3,288,0,0
"654",2014-10-16,16,10,2014,42,4,289,0,0
"655",2014-10-17,17,10,2014,42,5,290,0,0
"656",2014-10-18,18,10,2014,42,6,291,0,0
"657",2014-10-19,19,10,2014,42,7,292,0,0
"658",2014-10-20,20,10,2014,43,1,293,0,0
"659",2014-10-21,21,10,2014,43,2,294,0,0
"660",2014-10-22,22,10,2014,43,3,295,0,0
"661",2014-10-23,23,10,2014,43,4,296,0,0
"662",2014-10-24,24,10,2014,43,5,297,0,0
"663",2014-10-25,25,10,2014,43,6,298,0,0
"664",2014-10-26,26,10,2014,43,7,299,0,0
"665",2014-10-27,27,10,2014,44,1,300,0,0
"666",2014-10-28,28,10,2014,44,2,301,0,0
"667",2014-10-29,29,10,2014,44,3,302,0,0
"668",2014-10-30,30,10,2014,44,4,303,0,0
"669",2014-10-31,31,10,2014,44,5,304,0,0
"670",2014-11-01,1,11,2014,44,6,305,1,0
"671",2014-11-02,2,11,2014,44,7,306,0,0
"672",2014-11-03,3,11,2014,45,1,307,0,0
"673",2014-11-04,4,11,2014,45,2,308,0,0
"674",2014-11-05,5,11,2014,45,3,309,0,0
"675",2014-11-06,6,11,2014,45,4,310,0,0
"676",2014-11-07,7,11,2014,45,5,311,0,0
"677",2014-11-08,8,11,2014,45,6,312,0,0
"678",2014-11-09,9,11,2014,45,7,313,0,0
"679",2014-11-10,10,11,2014,46,1,314,0,0
"680",2014-11-11,11,11,2014,46,2,315,0,0
"681",2014-11-12,12,11,2014,46,3,316,0,0
"682",2014-11-13,13,11,2014,46,4,317,0,0
"683",2014-11-14,14,11,2014,46,5,318,0,0
"684",2014-11-15,15,11,2014,46,6,319,0,0
"685",2014-11-16,16,11,2014,46,7,320,0,0
"686",2014-11-17,17,11,2014,47,1,321,0,0
"687",2014-11-18,18,11,2014,47,2,322,0,0
"688",2014-11-19,19,11,2014,47,3,323,0,0
"689",2014-11-20,20,11,2014,47,4,324,0,0
"690",2014-11-21,21,11,2014,47,5,325,0,0
"691",2014-11-22,22,11,2014,47,6,326,0,0
"692",2014-11-23,23,11,2014,47,7,327,0,0
"693",2014-11-24,24,11,2014,48,1,328,0,0
"694",2014-11-25,25,11,2014,48,2,329,0,0
"695",2014-11-26,26,11,2014,48,3,330,0,0
"696",2014-11-27,27,11,2014,48,4,331,0,0
"697",2014-11-28,28,11,2014,48,5,332,0,0
"698",2014-11-29,29,11,2014,48,6,333,0,0
"699",2014-11-30,30,11,2014,48,7,334,0,0
"700",2014-12-01,1,12,2014,49,1,335,0,0
"701",2014-12-02,2,12,2014,49,2,336,0,0
"702",2014-12-03,3,12,2014,49,3,337,0,0
"703",2014-12-04,4,12,2014,49,4,338,0,0
"704",2014-12-05,5,12,2014,49,5,339,0,0
"705",2014-12-06,6,12,2014,49,6,340,0,0
"706",2014-12-07,7,12,2014,49,7,341,0,0
"707",2014-12-08,8,12,2014,50,1,342,0,0
"708",2014-12-09,9,12,2014,50,2,343,0,0
"709",2014-12-10,10,12,2014,50,3,344,0,0
"710",2014-12-11,11,12,2014,50,4,345,0,0
"711",2014-12-12,12,12,2014,50,5,346,0,0
"712",2014-12-13,13,12,2014,50,6,347,0,0
"713",2014-12-14,14,12,2014,50,7,348,0,0
"714",2014-12-15,15,12,2014,51,1,349,0,0
"715",2014-12-16,16,12,2014,51,2,350,0,0
"716",2014-12-17,17,12,2014,51,3,351,0,0
"717",2014-12-18,18,12,2014,51,4,352,0,0
"718",2014-12-19,19,12,2014,51,5,353,0,0
"719",2014-12-20,20,12,2014,51,6,354,0,0
"720",2014-12-21,21,12,2014,51,7,355,0,0
"721",2014-12-22,22,12,2014,52,1,356,0,0
"722",2014-12-23,23,12,2014,52,2,357,0,0
"723",2014-12-24,24,12,2014,52,3,358,1,0
"724",2014-12-25,25,12,2014,52,4,359,1,1
"725",2014-12-26,26,12,2014,52,5,360,1,1
"726",2014-12-27,27,12,2014,52,6,361,0,1
"727",2014-12-28,28,12,2014,52,7,362,0,1
"728",2014-12-29,29,12,2014,1,1,363,0,0
"729",2014-12-30,30,12,2014,1,2,364,0,0
"730",2014-12-31,31,12,2014,1,3,365,0,0
"731",2015-01-01,1,1,2015,1,4,1,1,1
"732",2015-01-02,2,1,2015,1,5,2,0,1
"733",2015-01-03,3,1,2015,1,6,3,0,1
"734",2015-01-04,4,1,2015,1,7,4,0,1
"735",2015-01-05,5,1,2015,2,1,5,0,0
"736",2015-01-06,6,1,2015,2,2,6,0,0
"737",2015-01-07,7,1,2015,2,3,7,0,0
"738",2015-01-08,8,1,2015,2,4,8,0,0
"739",2015-01-09,9,1,2015,2,5,9,0,0
"740",2015-01-10,10,1,2015,2,6,10,0,0
"741",2015-01-11,11,1,2015,2,7,11,0,0
"742",2015-01-12,12,1,2015,3,1,12,0,0
"743",2015-01-13,13,1,2015,3,2,13,0,0
"744",2015-01-14,14,1,2015,3,3,14,0,0
"745",2015-01-15,15,1,2015,3,4,15,0,0
"746",2015-01-16,16,1,2015,3,5,16,0,0
"747",2015-01-17,17,1,2015,3,6,17,0,0
"748",2015-01-18,18,1,2015,3,7,18,0,0
"749",2015-01-19,19,1,2015,4,1,19,0,0
"750",2015-01-20,20,1,2015,4,2,20,0,0
"751",2015-01-21,21,1,2015,4,3,21,0,0
"752",2015-01-22,22,1,2015,4,4,22,0,0
"753",2015-01-23,23,1,2015,4,5,23,0,0
"754",2015-01-24,24,1,2015,4,6,24,0,0
"755",2015-01-25,25,1,2015,4,7,25,0,0
"756",2015-01-26,26,1,2015,5,1,26,0,0
"757",2015-01-27,27,1,2015,5,2,27,0,0
"758",2015-01-28,28,1,2015,5,3,28,0,0
"759",2015-01-29,29,1,2015,5,4,29,0,0
"760",2015-01-30,30,1,2015,5,5,30,0,0
"761",2015-01-31,31,1,2015,5,6,31,0,0
"762",2015-02-01,1,2,2015,5,7,32,0,0
"763",2015-02-02,2,2,2015,6,1,33,0,0
"764",2015-02-03,3,2,2015,6,2,34,0,0
"765",2015-02-04,4,2,2015,6,3,35,0,0
"766",2015-02-05,5,2,2015,6,4,36,0,0
"767",2015-02-06,6,2,2015,6,5,37,0,0
"768",2015-02-07,7,2,2015,6,6,38,0,0
"769",2015-02-08,8,2,2015,6,7,39,0,0
"770",2015-02-09,9,2,2015,7,1,40,0,0
"771",2015-02-10,10,2,2015,7,2,41,0,0
"772",2015-02-11,11,2,2015,7,3,42,0,0
"773",2015-02-12,12,2,2015,7,4,43,0,0
"774",2015-02-13,13,2,2015,7,5,44,0,0
"775",2015-02-14,14,2,2015,7,6,45,0,0
"776",2015-02-15,15,2,2015,7,7,46,0,0
"777",2015-02-16,16,2,2015,8,1,47,0,0
"778",2015-02-17,17,2,2015,8,2,48,0,0
"779",2015-02-18,18,2,2015,8,3,49,0,0
"780",2015-02-19,19,2,2015,8,4,50,0,0
"781",2015-02-20,20,2,2015,8,5,51,0,0
"782",2015-02-21,21,2,2015,8,6,52,0,0
"783",2015-02-22,22,2,2015,8,7,53,0,0
"784",2015-02-23,23,2,2015,9,1,54,0,0
"785",2015-02-24,24,2,2015,9,2,55,0,0
"786",2015-02-25,25,2,2015,9,3,56,0,0
"787",2015-02-26,26,2,2015,9,4,57,0,0
"788",2015-02-27,27,2,2015,9,5,58,0,0
"789",2015-02-28,28,2,2015,9,6,59,0,1
"790",2015-03-01,1,3,2015,9,7,60,0,1
"791",2015-03-02,2,3,2015,10,1,61,0,1
"792",2015-03-03,3,3,2015,10,2,62,1,1
"793",2015-03-04,4,3,2015,10,3,63,0,0
"794",2015-03-05,5,3,2015,10,4,64,0,0
"795",2015-03-06,6,3,2015,10,5,65,0,0
"796",2015-03-07,7,3,2015,10,6,66,0,0
"797",2015-03-08,8,3,2015,10,7,67,0,0
"798",2015-03-09,9,3,2015,11,1,68,0,0
"799",2015-03-10,10,3,2015,11,2,69,0,0
"800",2015-03-11,11,3,2015,11,3,70,0,0
"801",2015-03-12,12,3,2015,11,4,71,0,0
"802",2015-03-13,13,3,2015,11,5,72,0,0
"803",2015-03-14,14,3,2015,11,6,73,0,0
"804",2015-03-15,15,3,2015,11,7,74,0,0
"805",2015-03-16,16,3,2015,12,1,75,0,0
"806",2015-03-17,17,3,2015,12,2,76,0,0
"807",2015-03-18,18,3,2015,12,3,77,0,0
"808",2015-03-19,19,3,2015,12,4,78,0,0
"809",2015-03-20,20,3,2015,12,5,79,0,0
"810",2015-03-21,21,3,2015,12,6,80,0,0
"811",2015-03-22,22,3,2015,12,7,81,0,0
"812",2015-03-23,23,3,2015,13,1,82,0,0
"813",2015-03-24,24,3,2015,13,2,83,0,0
"814",2015-03-25,25,3,2015,13,3,84,0,0
"815",2015-03-26,26,3,2015,13,4,85,0,0
"816",2015-03-27,27,3,2015,13,5,86,0,0
"817",2015-03-28,28,3,2015,13,6,87,0,0
"818",2015-03-29,29,3,2015,13,7,88,0,0
"819",2015-03-30,30,3,2015,14,1,89,0,0
"820",2015-03-31,31,3,2015,14,2,90,0,0
"821",2015-04-01,1,4,2015,14,3,91,0,0
"822",2015-04-02,2,4,2015,14,4,92,0,0
"823",2015-04-03,3,4,2015,14,5,93,0,0
"824",2015-04-04,4,4,2015,14,6,94,0,0
"825",2015-04-05,5,4,2015,14,7,95,0,0
"826",2015-04-06,6,4,2015,15,1,96,0,0
"827",2015-04-07,7,4,2015,15,2,97,0,0
"828",2015-04-08,8,4,2015,15,3,98,0,0
"829",2015-04-09,9,4,2015,15,4,99,0,0
"830",2015-04-10,10,4,2015,15,5,100,1,1
"831",2015-04-11,11,4,2015,15,6,101,1,1
"832",2015-04-12,12,4,2015,15,7,102,1,1
"833",2015-04-13,13,4,2015,16,1,103,0,0
"834",2015-04-14,14,4,2015,16,2,104,0,0
"835",2015-04-15,15,4,2015,16,3,105,0,0
"836",2015-04-16,16,4,2015,16,4,106,0,0
"837",2015-04-17,17,4,2015,16,5,107,0,0
"838",2015-04-18,18,4,2015,16,6,108,0,0
"839",2015-04-19,19,4,2015,16,7,109,0,0
"840",2015-04-20,20,4,2015,17,1,110,0,0
"841",2015-04-21,21,4,2015,17,2,111,0,0
"842",2015-04-22,22,4,2015,17,3,112,0,0
"843",2015-04-23,23,4,2015,17,4,113,0,0
"844",2015-04-24,24,4,2015,17,5,114,0,0
"845",2015-04-25,25,4,2015,17,6,115,0,0
"846",2015-04-26,26,4,2015,17,7,116,0,0
"847",2015-04-27,27,4,2015,18,1,117,0,0
"848",2015-04-28,28,4,2015,18,2,118,0,0
"849",2015-04-29,29,4,2015,18,3,119,0,0
"850",2015-04-30,30,4,2015,18,4,120,0,0
"851",2015-05-01,1,5,2015,18,5,121,1,1
"852",2015-05-02,2,5,2015,18,6,122,0,1
"853",2015-05-03,3,5,2015,18,7,123,0,1
"854",2015-05-04,4,5,2015,19,1,124,0,0
"855",2015-05-05,5,5,2015,19,2,125,0,0
"856",2015-05-06,6,5,2015,19,3,126,1,0
"857",2015-05-07,7,5,2015,19,4,127,0,0
"858",2015-05-08,8,5,2015,19,5,128,0,0
"859",2015-05-09,9,5,2015,19,6,129,0,0
"860",2015-05-10,10,5,2015,19,7,130,0,0
"861",2015-05-11,11,5,2015,20,1,131,0,0
"862",2015-05-12,12,5,2015,20,2,132,0,0
"863",2015-05-13,13,5,2015,20,3,133,0,0
"864",2015-05-14,14,5,2015,20,4,134,0,0
"865",2015-05-15,15,5,2015,20,5,135,0,0
"866",2015-05-16,16,5,2015,20,6,136,0,0
"867",2015-05-17,17,5,2015,20,7,137,0,0
"868",2015-05-18,18,5,2015,21,1,138,0,0
"869",2015-05-19,19,5,2015,21,2,139,0,0
"870",2015-05-20,20,5,2015,21,3,140,0,0
"871",2015-05-21,21,5,2015,21,4,141,0,0
"872",2015-05-22,22,5,2015,21,5,142,0,0
"873",2015-05-23,23,5,2015,21,6,143,0,0
"874",2015-05-24,24,5,2015,21,7,144,1,0
"875",2015-05-25,25,5,2015,22,1,145,0,0
"876",2015-05-26,26,5,2015,22,2,146,0,0
"877",2015-05-27,27,5,2015,22,3,147,0,0
"878",2015-05-28,28,5,2015,22,4,148,0,0
"879",2015-05-29,29,5,2015,22,5,149,0,0
"880",2015-05-30,30,5,2015,22,6,150,0,0
"881",2015-05-31,31,5,2015,22,7,151,0,0
"882",2015-06-01,1,6,2015,23,1,152,0,0
"883",2015-06-02,2,6,2015,23,2,153,0,0
"884",2015-06-03,3,6,2015,23,3,154,0,0
"885",2015-06-04,4,6,2015,23,4,155,0,0
"886",2015-06-05,5,6,2015,23,5,156,0,0
"887",2015-06-06,6,6,2015,23,6,157,0,0
"888",2015-06-07,7,6,2015,23,7,158,0,0
"889",2015-06-08,8,6,2015,24,1,159,0,0
"890",2015-06-09,9,6,2015,24,2,160,0,0
"891",2015-06-10,10,6,2015,24,3,161,0,0
"892",2015-06-11,11,6,2015,24,4,162,0,0
"893",2015-06-12,12,6,2015,24,5,163,0,0
"894",2015-06-13,13,6,2015,24,6,164,0,0
"895",2015-06-14,14,6,2015,24,7,165,0,0
"896",2015-06-15,15,6,2015,25,1,166,0,0
"897",2015-06-16,16,6,2015,25,2,167,0,0
"898",2015-06-17,17,6,2015,25,3,168,0,0
"899",2015-06-18,18,6,2015,25,4,169,0,0
"900",2015-06-19,19,6,2015,25,5,170,0,0
"901",2015-06-20,20,6,2015,25,6,171,0,0
"902",2015-06-21,21,6,2015,25,7,172,0,0
"903",2015-06-22,22,6,2015,26,1,173,0,0
"904",2015-06-23,23,6,2015,26,2,174,0,0
"905",2015-06-24,24,6,2015,26,3,175,0,0
"906",2015-06-25,25,6,2015,26,4,176,0,0
"907",2015-06-26,26,6,2015,26,5,177,0,0
"908",2015-06-27,27,6,2015,26,6,178,0,0
"909",2015-06-28,28,6,2015,26,7,179,0,0
"910",2015-06-29,29,6,2015,27,1,180,0,0
"911",2015-06-30,30,6,2015,27,2,181,0,0
"912",2015-07-01,1,7,2015,27,3,182,0,0
"913",2015-07-02,2,7,2015,27,4,183,0,0
"914",2015-07-03,3,7,2015,27,5,184,0,0
"915",2015-07-04,4,7,2015,27,6,185,0,0
"916",2015-07-05,5,7,2015,27,7,186,0,0
"917",2015-07-06,6,7,2015,28,1,187,0,0
"918",2015-07-07,7,7,2015,28,2,188,0,0
"919",2015-07-08,8,7,2015,28,3,189,0,0
"920",2015-07-09,9,7,2015,28,4,190,0,0
"921",2015-07-10,10,7,2015,28,5,191,0,0
"922",2015-07-11,11,7,2015,28,6,192,0,0
"923",2015-07-12,12,7,2015,28,7,193,0,0
"924",2015-07-13,13,7,2015,29,1,194,0,0
"925",2015-07-14,14,7,2015,29,2,195,0,0
"926",2015-07-15,15,7,2015,29,3,196,0,0
"927",2015-07-16,16,7,2015,29,4,197,0,0
"928",2015-07-17,17,7,2015,29,5,198,0,0
"929",2015-07-18,18,7,2015,29,6,199,0,0
"930",2015-07-19,19,7,2015,29,7,200,0,0
"931",2015-07-20,20,7,2015,30,1,201,0,0
"932",2015-07-21,21,7,2015,30,2,202,0,0
"933",2015-07-22,22,7,2015,30,3,203,0,0
"934",2015-07-23,23,7,2015,30,4,204,0,0
"935",2015-07-24,24,7,2015,30,5,205,0,0
"936",2015-07-25,25,7,2015,30,6,206,0,0
"937",2015-07-26,26,7,2015,30,7,207,0,0
"938",2015-07-27,27,7,2015,31,1,208,0,0
"939",2015-07-28,28,7,2015,31,2,209,0,0
"940",2015-07-29,29,7,2015,31,3,210,0,0
"941",2015-07-30,30,7,2015,31,4,211,0,0
"942",2015-07-31,31,7,2015,31,5,212,0,0
"943",2015-08-01,1,8,2015,31,6,213,0,0
"944",2015-08-02,2,8,2015,31,7,214,0,0
"945",2015-08-03,3,8,2015,32,1,215,0,0
"946",2015-08-04,4,8,2015,32,2,216,0,0
"947",2015-08-05,5,8,2015,32,3,217,0,0
"948",2015-08-06,6,8,2015,32,4,218,0,0
"949",2015-08-07,7,8,2015,32,5,219,0,0
"950",2015-08-08,8,8,2015,32,6,220,0,0
"951",2015-08-09,9,8,2015,32,7,221,0,0
"952",2015-08-10,10,8,2015,33,1,222,0,0
"953",2015-08-11,11,8,2015,33,2,223,0,0
"954",2015-08-12,12,8,2015,33,3,224,0,0
"955",2015-08-13,13,8,2015,33,4,225,0,0
"956",2015-08-14,14,8,2015,33,5,226,0,0
"957",2015-08-15,15,8,2015,33,6,227,0,0
"958",2015-08-16,16,8,2015,33,7,228,0,0
"959",2015-08-17,17,8,2015,34,1,229,0,0
"960",2015-08-18,18,8,2015,34,2,230,0,0
"961",2015-08-19,19,8,2015,34,3,231,0,0
"962",2015-08-20,20,8,2015,34,4,232,0,0
"963",2015-08-21,21,8,2015,34,5,233,0,0
"964",2015-08-22,22,8,2015,34,6,234,0,0
"965",2015-08-23,23,8,2015,34,7,235,0,0
"966",2015-08-24,24,8,2015,35,1,236,0,0
"967",2015-08-25,25,8,2015,35,2,237,0,0
"968",2015-08-26,26,8,2015,35,3,238,0,0
"969",2015-08-27,27,8,2015,35,4,239,0,0
"970",2015-08-28,28,8,2015,35,5,240,0,0
"971",2015-08-29,29,8,2015,35,6,241,0,0
"972",2015-08-30,30,8,2015,35,7,242,0,0
"973",2015-08-31,31,8,2015,36,1,243,0,0
"974",2015-09-01,1,9,2015,36,2,244,0,0
"975",2015-09-02,2,9,2015,36,3,245,0,0
"976",2015-09-03,3,9,2015,36,4,246,0,0
"977",2015-09-04,4,9,2015,36,5,247,0,0
"978",2015-09-05,5,9,2015,36,6,248,0,0
"979",2015-09-06,6,9,2015,36,7,249,1,0
"980",2015-09-07,7,9,2015,37,1,250,0,0
"981",2015-09-08,8,9,2015,37,2,251,0,0
"982",2015-09-09,9,9,2015,37,3,252,0,0
"983",2015-09-10,10,9,2015,37,4,253,0,0
"984",2015-09-11,11,9,2015,37,5,254,0,0
"985",2015-09-12,12,9,2015,37,6,255,0,0
"986",2015-09-13,13,9,2015,37,7,256,0,0
"987",2015-09-14,14,9,2015,38,1,257,0,0
"988",2015-09-15,15,9,2015,38,2,258,0,0
"989",2015-09-16,16,9,2015,38,3,259,0,0
"990",2015-09-17,17,9,2015,38,4,260,0,0
"991",2015-09-18,18,9,2015,38,5,261,0,0
"992",2015-09-19,19,9,2015,38,6,262,0,1
"993",2015-09-20,20,9,2015,38,7,263,0,1
"994",2015-09-21,21,9,2015,39,1,264,0,1
"995",2015-09-22,22,9,2015,39,2,265,1,1
"996",2015-09-23,23,9,2015,39,3,266,0,0
"997",2015-09-24,24,9,2015,39,4,267,0,0
"998",2015-09-25,25,9,2015,39,5,268,0,0
"999",2015-09-26,26,9,2015,39,6,269,0,0
"1000",2015-09-27,27,9,2015,39,7,270,0,0
"1001",2015-09-28,28,9,2015,40,1,271,0,0
"1002",2015-09-29,29,9,2015,40,2,272,0,0
"1003",2015-09-30,30,9,2015,40,3,273,0,0
"1004",2015-10-01,1,10,2015,40,4,274,0,0
"1005",2015-10-02,2,10,2015,40,5,275,0,0
"1006",2015-10-03,3,10,2015,40,6,276,0,0
"1007",2015-10-04,4,10,2015,40,7,277,0,0
"1008",2015-10-05,5,10,2015,41,1,278,0,0
"1009",2015-10-06,6,10,2015,41,2,279,0,0
"1010",2015-10-07,7,10,2015,41,3,280,0,0
"1011",2015-10-08,8,10,2015,41,4,281,0,0
"1012",2015-10-09,9,10,2015,41,5,282,0,0
"1013",2015-10-10,10,10,2015,41,6,283,0,0
"1014",2015-10-11,11,10,2015,41,7,284,0,0
"1015",2015-10-12,12,10,2015,42,1,285,0,0
"1016",2015-10-13,13,10,2015,42,2,286,0,0
"1017",2015-10-14,14,10,2015,42,3,287,0,0
"1018",2015-10-15,15,10,2015,42,4,288,0,0
"1019",2015-10-16,16,10,2015,42,5,289,0,0
"1020",2015-10-17,17,10,2015,42,6,290,0,0
"1021",2015-10-18,18,10,2015,42,7,291,0,0
"1022",2015-10-19,19,10,2015,43,1,292,0,0
"1023",2015-10-20,20,10,2015,43,2,293,0,0
"1024",2015-10-21,21,10,2015,43,3,294,0,0
"1025",2015-10-22,22,10,2015,43,4,295,0,0
"1026",2015-10-23,23,10,2015,43,5,296,0,0
"1027",2015-10-24,24,10,2015,43,6,297,0,0
"1028",2015-10-25,25,10,2015,43,7,298,0,0
"1029",2015-10-26,26,10,2015,44,1,299,0,0
"1030",2015-10-27,27,10,2015,44,2,300,0,0
"1031",2015-10-28,28,10,2015,44,3,301,0,0
"1032",2015-10-29,29,10,2015,44,4,302,0,0
"1033",2015-10-30,30,10,2015,44,5,303,0,0
"1034",2015-10-31,31,10,2015,44,6,304,0,0
"1035",2015-11-01,1,11,2015,44,7,305,1,0
"1036",2015-11-02,2,11,2015,45,1,306,0,0
"1037",2015-11-03,3,11,2015,45,2,307,0,0
"1038",2015-11-04,4,11,2015,45,3,308,0,0
"1039",2015-11-05,5,11,2015,45,4,309,0,0
"1040",2015-11-06,6,11,2015,45,5,310,0,0
"1041",2015-11-07,7,11,2015,45,6,311,0,0
"1042",2015-11-08,8,11,2015,45,7,312,0,0
"1043",2015-11-09,9,11,2015,46,1,313,0,0
"1044",2015-11-10,10,11,2015,46,2,314,0,0
"1045",2015-11-11,11,11,2015,46,3,315,0,0
"1046",2015-11-12,12,11,2015,46,4,316,0,0
"1047",2015-11-13,13,11,2015,46,5,317,0,0
"1048",2015-11-14,14,11,2015,46,6,318,0,0
"1049",2015-11-15,15,11,2015,46,7,319,0,0
"1050",2015-11-16,16,11,2015,47,1,320,0,0
"1051",2015-11-17,17,11,2015,47,2,321,0,0
"1052",2015-11-18,18,11,2015,47,3,322,0,0
"1053",2015-11-19,19,11,2015,47,4,323,0,0
"1054",2015-11-20,20,11,2015,47,5,324,0,0
"1055",2015-11-21,21,11,2015,47,6,325,0,0
"1056",2015-11-22,22,11,2015,47,7,326,0,0
"1057",2015-11-23,23,11,2015,48,1,327,0,0
"1058",2015-11-24,24,11,2015,48,2,328,0,0
"1059",2015-11-25,25,11,2015,48,3,329,0,0
"1060",2015-11-26,26,11,2015,48,4,330,0,0
"1061",2015-11-27,27,11,2015,48,5,331,0,0
"1062",2015-11-28,28,11,2015,48,6,332,0,0
"1063",2015-11-29,29,11,2015,48,7,333,0,0
"1064",2015-11-30,30,11,2015,49,1,334,0,0
"1065",2015-12-01,1,12,2015,49,2,335,0,0
"1066",2015-12-02,2,12,2015,49,3,336,0,0
"1067",2015-12-03,3,12,2015,49,4,337,0,0
"1068",2015-12-04,4,12,2015,49,5,338,0,0
"1069",2015-12-05,5,12,2015,49,6,339,0,0
"1070",2015-12-06,6,12,2015,49,7,340,0,0
"1071",2015-12-07,7,12,2015,50,1,341,0,0
"1072",2015-12-08,8,12,2015,50,2,342,0,0
"1073",2015-12-09,9,12,2015,50,3,343,0,0
"1074",2015-12-10,10,12,2015,50,4,344,0,0
"1075",2015-12-11,11,12,2015,50,5,345,0,0
"1076",2015-12-12,12,12,2015,50,6,346,0,0
"1077",2015-12-13,13,12,2015,50,7,347,0,0
"1078",2015-12-14,14,12,2015,51,1,348,0,0
"1079",2015-12-15,15,12,2015,51,2,349,0,0
"1080",2015-12-16,16,12,2015,51,3,350,0,0
"1081",2015-12-17,17,12,2015,51,4,351,0,0
"1082",2015-12-18,18,12,2015,51,5,352,0,0
"1083",2015-12-19,19,12,2015,51,6,353,0,0
"1084",2015-12-20,20,12,2015,51,7,354,0,0
"1085",2015-12-21,21,12,2015,52,1,355,0,0
"1086",2015-12-22,22,12,2015,52,2,356,0,0
"1087",2015-12-23,23,12,2015,52,3,357,0,0
"1088",2015-12-24,24,12,2015,52,4,358,1,1
"1089",2015-12-25,25,12,2015,52,5,359,1,1
"1090",2015-12-26,26,12,2015,52,6,360,1,1
"1091",2015-12-27,27,12,2015,52,7,361,0,1
"1092",2015-12-28,28,12,2015,53,1,362,0,0
"1093",2015-12-29,29,12,2015,53,2,363,0,0
"1094",2015-12-30,30,12,2015,53,3,364,0,0
"1095",2015-12-31,31,12,2015,53,4,365,0,0
"1096",2016-01-01,1,1,2016,53,5,1,1,1
"1097",2016-01-02,2,1,2016,53,6,2,0,1
"1098",2016-01-03,3,1,2016,53,7,3,0,1
"1099",2016-01-04,4,1,2016,1,1,4,0,0
"1100",2016-01-05,5,1,2016,1,2,5,0,0
"1101",2016-01-06,6,1,2016,1,3,6,0,0
"1102",2016-01-07,7,1,2016,1,4,7,0,0
"1103",2016-01-08,8,1,2016,1,5,8,0,0
"1104",2016-01-09,9,1,2016,1,6,9,0,0
"1105",2016-01-10,10,1,2016,1,7,10,0,0
"1106",2016-01-11,11,1,2016,2,1,11,0,0
"1107",2016-01-12,12,1,2016,2,2,12,0,0
"1108",2016-01-13,13,1,2016,2,3,13,0,0
"1109",2016-01-14,14,1,2016,2,4,14,0,0
"1110",2016-01-15,15,1,2016,2,5,15,0,0
"1111",2016-01-16,16,1,2016,2,6,16,0,0
"1112",2016-01-17,17,1,2016,2,7,17,0,0
"1113",2016-01-18,18,1,2016,3,1,18,0,0
"1114",2016-01-19,19,1,2016,3,2,19,0,0
"1115",2016-01-20,20,1,2016,3,3,20,0,0
"1116",2016-01-21,21,1,2016,3,4,21,0,0
"1117",2016-01-22,22,1,2016,3,5,22,0,0
"1118",2016-01-23,23,1,2016,3,6,23,0,0
"1119",2016-01-24,24,1,2016,3,7,24,0,0
"1120",2016-01-25,25,1,2016,4,1,25,0,0
"1121",2016-01-26,26,1,2016,4,2,26,0,0
"1122",2016-01-27,27,1,2016,4,3,27,0,0
"1123",2016-01-28,28,1,2016,4,4,28,0,0
"1124",2016-01-29,29,1,2016,4,5,29,0,0
"1125",2016-01-30,30,1,2016,4,6,30,0,0
"1126",2016-01-31,31,1,2016,4,7,31,0,0
"1127",2016-02-01,1,2,2016,5,1,32,0,0
"1128",2016-02-02,2,2,2016,5,2,33,0,0
"1129",2016-02-03,3,2,2016,5,3,34,0,0
"1130",2016-02-04,4,2,2016,5,4,35,0,0
"1131",2016-02-05,5,2,2016,5,5,36,0,0
"1132",2016-02-06,6,2,2016,5,6,37,0,0
"1133",2016-02-07,7,2,2016,5,7,38,0,0
"1134",2016-02-08,8,2,2016,6,1,39,0,0
"1135",2016-02-09,9,2,2016,6,2,40,0,0
"1136",2016-02-10,10,2,2016,6,3,41,0,0
"1137",2016-02-11,11,2,2016,6,4,42,0,0
"1138",2016-02-12,12,2,2016,6,5,43,0,0
"1139",2016-02-13,13,2,2016,6,6,44,0,0
"1140",2016-02-14,14,2,2016,6,7,45,0,0
"1141",2016-02-15,15,2,2016,7,1,46,0,0
"1142",2016-02-16,16,2,2016,7,2,47,0,0
"1143",2016-02-17,17,2,2016,7,3,48,0,0
"1144",2016-02-18,18,2,2016,7,4,49,0,0
"1145",2016-02-19,19,2,2016,7,5,50,0,0
"1146",2016-02-20,20,2,2016,7,6,51,0,0
"1147",2016-02-21,21,2,2016,7,7,52,0,0
"1148",2016-02-22,22,2,2016,8,1,53,0,0
"1149",2016-02-23,23,2,2016,8,2,54,0,0
"1150",2016-02-24,24,2,2016,8,3,55,0,0
"1151",2016-02-25,25,2,2016,8,4,56,0,0
"1152",2016-02-26,26,2,2016,8,5,57,0,0
"1153",2016-02-27,27,2,2016,8,6,58,0,0
"1154",2016-02-28,28,2,2016,8,7,59,0,0
"1155",2016-02-29,29,2,2016,9,1,60,0,0
"1156",2016-03-01,1,3,2016,9,2,61,0,0
"1157",2016-03-02,2,3,2016,9,3,62,0,0
"1158",2016-03-03,3,3,2016,9,4,63,1,1
"1159",2016-03-04,4,3,2016,9,5,64,0,1
"1160",2016-03-05,5,3,2016,9,6,65,0,1
"1161",2016-03-06,6,3,2016,9,7,66,0,1
"1162",2016-03-07,7,3,2016,10,1,67,0,0
"1163",2016-03-08,8,3,2016,10,2,68,0,0
"1164",2016-03-09,9,3,2016,10,3,69,0,0
"1165",2016-03-10,10,3,2016,10,4,70,0,0
"1166",2016-03-11,11,3,2016,10,5,71,0,0
"1167",2016-03-12,12,3,2016,10,6,72,0,0
"1168",2016-03-13,13,3,2016,10,7,73,0,0
"1169",2016-03-14,14,3,2016,11,1,74,0,0
"1170",2016-03-15,15,3,2016,11,2,75,0,0
"1171",2016-03-16,16,3,2016,11,3,76,0,0
"1172",2016-03-17,17,3,2016,11,4,77,0,0
"1173",2016-03-18,18,3,2016,11,5,78,0,0
"1174",2016-03-19,19,3,2016,11,6,79,0,0
"1175",2016-03-20,20,3,2016,11,7,80,0,0
"1176",2016-03-21,21,3,2016,12,1,81,0,0
"1177",2016-03-22,22,3,2016,12,2,82,0,0
"1178",2016-03-23,23,3,2016,12,3,83,0,0
"1179",2016-03-24,24,3,2016,12,4,84,0,0
"1180",2016-03-25,25,3,2016,12,5,85,0,0
"1181",2016-03-26,26,3,2016,12,6,86,0,0
"1182",2016-03-27,27,3,2016,12,7,87,0,0
"1183",2016-03-28,28,3,2016,13,1,88,0,0
"1184",2016-03-29,29,3,2016,13,2,89,0,0
"1185",2016-03-30,30,3,2016,13,3,90,0,0
"1186",2016-03-31,31,3,2016,13,4,91,0,0
"1187",2016-04-01,1,4,2016,13,5,92,0,0
"1188",2016-04-02,2,4,2016,13,6,93,0,0
"1189",2016-04-03,3,4,2016,13,7,94,0,0
"1190",2016-04-04,4,4,2016,14,1,95,0,0
"1191",2016-04-05,5,4,2016,14,2,96,0,0
"1192",2016-04-06,6,4,2016,14,3,97,0,0
"1193",2016-04-07,7,4,2016,14,4,98,0,0
"1194",2016-04-08,8,4,2016,14,5,99,0,0
"1195",2016-04-09,9,4,2016,14,6,100,0,0
"1196",2016-04-10,10,4,2016,14,7,101,0,0
"1197",2016-04-11,11,4,2016,15,1,102,0,0
"1198",2016-04-12,12,4,2016,15,2,103,0,0
"1199",2016-04-13,13,4,2016,15,3,104,0,0
"1200",2016-04-14,14,4,2016,15,4,105,0,0
"1201",2016-04-15,15,4,2016,15,5,106,0,0
"1202",2016-04-16,16,4,2016,15,6,107,0,0
"1203",2016-04-17,17,4,2016,15,7,108,0,0
"1204",2016-04-18,18,4,2016,16,1,109,0,0
"1205",2016-04-19,19,4,2016,16,2,110,0,0
"1206",2016-04-20,20,4,2016,16,3,111,0,0
"1207",2016-04-21,21,4,2016,16,4,112,0,0
"1208",2016-04-22,22,4,2016,16,5,113,0,0
"1209",2016-04-23,23,4,2016,16,6,114,0,0
"1210",2016-04-24,24,4,2016,16,7,115,0,0
"1211",2016-04-25,25,4,2016,17,1,116,0,0
"1212",2016-04-26,26,4,2016,17,2,117,0,0
"1213",2016-04-27,27,4,2016,17,3,118,0,0
"1214",2016-04-28,28,4,2016,17,4,119,0,0
"1215",2016-04-29,29,4,2016,17,5,120,1,1
"1216",2016-04-30,30,4,2016,17,6,121,1,1
"1217",2016-05-01,1,5,2016,17,7,122,1,1
"1218",2016-05-02,2,5,2016,18,1,123,0,0
"1219",2016-05-03,3,5,2016,18,2,124,0,0
"1220",2016-05-04,4,5,2016,18,3,125,0,0
"1221",2016-05-05,5,5,2016,18,4,126,0,0
"1222",2016-05-06,6,5,2016,18,5,127,1,1
"1223",2016-05-07,7,5,2016,18,6,128,0,1
"1224",2016-05-08,8,5,2016,18,7,129,0,1
"1225",2016-05-09,9,5,2016,19,1,130,0,0
"1226",2016-05-10,10,5,2016,19,2,131,0,0
"1227",2016-05-11,11,5,2016,19,3,132,0,0
"1228",2016-05-12,12,5,2016,19,4,133,0,0
"1229",2016-05-13,13,5,2016,19,5,134,0,0
"1230",2016-05-14,14,5,2016,19,6,135,0,0
"1231",2016-05-15,15,5,2016,19,7,136,0,0
"1232",2016-05-16,16,5,2016,20,1,137,0,0
"1233",2016-05-17,17,5,2016,20,2,138,0,0
"1234",2016-05-18,18,5,2016,20,3,139,0,0
"1235",2016-05-19,19,5,2016,20,4,140,0,0
"1236",2016-05-20,20,5,2016,20,5,141,0,0
"1237",2016-05-21,21,5,2016,20,6,142,0,1
"1238",2016-05-22,22,5,2016,20,7,143,0,1
"1239",2016-05-23,23,5,2016,21,1,144,0,1
"1240",2016-05-24,24,5,2016,21,2,145,1,1
"1241",2016-05-25,25,5,2016,21,3,146,0,0
"1242",2016-05-26,26,5,2016,21,4,147,0,0
"1243",2016-05-27,27,5,2016,21,5,148,0,0
"1244",2016-05-28,28,5,2016,21,6,149,0,0
"1245",2016-05-29,29,5,2016,21,7,150,0,0
"1246",2016-05-30,30,5,2016,22,1,151,0,0
"1247",2016-05-31,31,5,2016,22,2,152,0,0
"1248",2016-06-01,1,6,2016,22,3,153,0,0
"1249",2016-06-02,2,6,2016,22,4,154,0,0
"1250",2016-06-03,3,6,2016,22,5,155,0,0
"1251",2016-06-04,4,6,2016,22,6,156,0,0
"1252",2016-06-05,5,6,2016,22,7,157,0,0
"1253",2016-06-06,6,6,2016,23,1,158,0,0
"1254",2016-06-07,7,6,2016,23,2,159,0,0
"1255",2016-06-08,8,6,2016,23,3,160,0,0
"1256",2016-06-09,9,6,2016,23,4,161,0,0
"1257",2016-06-10,10,6,2016,23,5,162,0,0
"1258",2016-06-11,11,6,2016,23,6,163,0,0
"1259",2016-06-12,12,6,2016,23,7,164,0,0
"1260",2016-06-13,13,6,2016,24,1,165,0,0
"1261",2016-06-14,14,6,2016,24,2,166,0,0
"1262",2016-06-15,15,6,2016,24,3,167,0,0
"1263",2016-06-16,16,6,2016,24,4,168,0,0
"1264",2016-06-17,17,6,2016,24,5,169,0,0
"1265",2016-06-18,18,6,2016,24,6,170,0,0
"1266",2016-06-19,19,6,2016,24,7,171,0,0
"1267",2016-06-20,20,6,2016,25,1,172,0,0
"1268",2016-06-21,21,6,2016,25,2,173,0,0
"1269",2016-06-22,22,6,2016,25,3,174,0,0
"1270",2016-06-23,23,6,2016,25,4,175,0,0
"1271",2016-06-24,24,6,2016,25,5,176,0,0
"1272",2016-06-25,25,6,2016,25,6,177,0,0
"1273",2016-06-26,26,6,2016,25,7,178,0,0
"1274",2016-06-27,27,6,2016,26,1,179,0,0
"1275",2016-06-28,28,6,2016,26,2,180,0,0
"1276",2016-06-29,29,6,2016,26,3,181,0,0
"1277",2016-06-30,30,6,2016,26,4,182,0,0
"1278",2016-07-01,1,7,2016,26,5,183,0,0
"1279",2016-07-02,2,7,2016,26,6,184,0,0
"1280",2016-07-03,3,7,2016,26,7,185,0,0
"1281",2016-07-04,4,7,2016,27,1,186,0,0
"1282",2016-07-05,5,7,2016,27,2,187,0,0
"1283",2016-07-06,6,7,2016,27,3,188,0,0
"1284",2016-07-07,7,7,2016,27,4,189,0,0
"1285",2016-07-08,8,7,2016,27,5,190,0,0
"1286",2016-07-09,9,7,2016,27,6,191,0,0
"1287",2016-07-10,10,7,2016,27,7,192,0,0
"1288",2016-07-11,11,7,2016,28,1,193,0,0
"1289",2016-07-12,12,7,2016,28,2,194,0,0
"1290",2016-07-13,13,7,2016,28,3,195,0,0
"1291",2016-07-14,14,7,2016,28,4,196,0,0
"1292",2016-07-15,15,7,2016,28,5,197,0,0
"1293",2016-07-16,16,7,2016,28,6,198,0,0
"1294",2016-07-17,17,7,2016,28,7,199,0,0
"1295",2016-07-18,18,7,2016,29,1,200,0,0
"1296",2016-07-19,19,7,2016,29,2,201,0,0
"1297",2016-07-20,20,7,2016,29,3,202,0,0
"1298",2016-07-21,21,7,2016,29,4,203,0,0
"1299",2016-07-22,22,7,2016,29,5,204,0,0
"1300",2016-07-23,23,7,2016,29,6,205,0,0
"1301",2016-07-24,24,7,2016,29,7,206,0,0
"1302",2016-07-25,25,7,2016,30,1,207,0,0
"1303",2016-07-26,26,7,2016,30,2,208,0,0
"1304",2016-07-27,27,7,2016,30,3,209,0,0
"1305",2016-07-28,28,7,2016,30,4,210,0,0
"1306",2016-07-29,29,7,2016,30,5,211,0,0
"1307",2016-07-30,30,7,2016,30,6,212,0,0
"1308",2016-07-31,31,7,2016,30,7,213,0,0
"1309",2016-08-01,1,8,2016,31,1,214,0,0
"1310",2016-08-02,2,8,2016,31,2,215,0,0
"1311",2016-08-03,3,8,2016,31,3,216,0,0
"1312",2016-08-04,4,8,2016,31,4,217,0,0
"1313",2016-08-05,5,8,2016,31,5,218,0,0
"1314",2016-08-06,6,8,2016,31,6,219,0,0
"1315",2016-08-07,7,8,2016,31,7,220,0,0
"1316",2016-08-08,8,8,2016,32,1,221,0,0
"1317",2016-08-09,9,8,2016,32,2,222,0,0
"1318",2016-08-10,10,8,2016,32,3,223,0,0
"1319",2016-08-11,11,8,2016,32,4,224,0,0
"1320",2016-08-12,12,8,2016,32,5,225,0,0
"1321",2016-08-13,13,8,2016,32,6,226,0,0
"1322",2016-08-14,14,8,2016,32,7,227,0,0
"1323",2016-08-15,15,8,2016,33,1,228,0,0
"1324",2016-08-16,16,8,2016,33,2,229,0,0
"1325",2016-08-17,17,8,2016,33,3,230,0,0
"1326",2016-08-18,18,8,2016,33,4,231,0,0
"1327",2016-08-19,19,8,2016,33,5,232,0,0
"1328",2016-08-20,20,8,2016,33,6,233,0,0
"1329",2016-08-21,21,8,2016,33,7,234,0,0
"1330",2016-08-22,22,8,2016,34,1,235,0,0
"1331",2016-08-23,23,8,2016,34,2,236,0,0
"1332",2016-08-24,24,8,2016,34,3,237,0,0
"1333",2016-08-25,25,8,2016,34,4,238,0,0
"1334",2016-08-26,26,8,2016,34,5,239,0,0
"1335",2016-08-27,27,8,2016,34,6,240,0,0
"1336",2016-08-28,28,8,2016,34,7,241,0,0
"1337",2016-08-29,29,8,2016,35,1,242,0,0
"1338",2016-08-30,30,8,2016,35,2,243,0,0
"1339",2016-08-31,31,8,2016,35,3,244,0,0
"1340",2016-09-01,1,9,2016,35,4,245,0,0
"1341",2016-09-02,2,9,2016,35,5,246,0,0
"1342",2016-09-03,3,9,2016,35,6,247,0,1
"1343",2016-09-04,4,9,2016,35,7,248,0,1
"1344",2016-09-05,5,9,2016,36,1,249,0,1
"1345",2016-09-06,6,9,2016,36,2,250,1,1
"1346",2016-09-07,7,9,2016,36,3,251,0,0
"1347",2016-09-08,8,9,2016,36,4,252,0,0
"1348",2016-09-09,9,9,2016,36,5,253,0,0
"1349",2016-09-10,10,9,2016,36,6,254,0,0
"1350",2016-09-11,11,9,2016,36,7,255,0,0
"1351",2016-09-12,12,9,2016,37,1,256,0,0
"1352",2016-09-13,13,9,2016,37,2,257,0,0
"1353",2016-09-14,14,9,2016,37,3,258,0,0
"1354",2016-09-15,15,9,2016,37,4,259,0,0
"1355",2016-09-16,16,9,2016,37,5,260,0,0
"1356",2016-09-17,17,9,2016,37,6,261,0,0
"1357",2016-09-18,18,9,2016,37,7,262,0,0
"1358",2016-09-19,19,9,2016,38,1,263,0,0
"1359",2016-09-20,20,9,2016,38,2,264,0,0
"1360",2016-09-21,21,9,2016,38,3,265,0,0
"1361",2016-09-22,22,9,2016,38,4,266,1,1
"1362",2016-09-23,23,9,2016,38,5,267,0,1
"1363",2016-09-24,24,9,2016,38,6,268,0,1
"1364",2016-09-25,25,9,2016,38,7,269,0,1
"1365",2016-09-26,26,9,2016,39,1,270,0,0
"1366",2016-09-27,27,9,2016,39,2,271,0,0
"1367",2016-09-28,28,9,2016,39,3,272,0,0
"1368",2016-09-29,29,9,2016,39,4,273,0,0
"1369",2016-09-30,30,9,2016,39,5,274,0,0
"1370",2016-10-01,1,10,2016,39,6,275,0,0
"1371",2016-10-02,2,10,2016,39,7,276,0,0
"1372",2016-10-03,3,10,2016,40,1,277,0,0
"1373",2016-10-04,4,10,2016,40,2,278,0,0
"1374",2016-10-05,5,10,2016,40,3,279,0,0
"1375",2016-10-06,6,10,2016,40,4,280,0,0
"1376",2016-10-07,7,10,2016,40,5,281,0,0
"1377",2016-10-08,8,10,2016,40,6,282,0,0
"1378",2016-10-09,9,10,2016,40,7,283,0,0
"1379",2016-10-10,10,10,2016,41,1,284,0,0
"1380",2016-10-11,11,10,2016,41,2,285,0,0
"1381",2016-10-12,12,10,2016,41,3,286,0,0
"1382",2016-10-13,13,10,2016,41,4,287,0,0
"1383",2016-10-14,14,10,2016,41,5,288,0,0
"1384",2016-10-15,15,10,2016,41,6,289,0,0
"1385",2016-10-16,16,10,2016,41,7,290,0,0
"1386",2016-10-17,17,10,2016,42,1,291,0,0
"1387",2016-10-18,18,10,2016,42,2,292,0,0
"1388",2016-10-19,19,10,2016,42,3,293,0,0
"1389",2016-10-20,20,10,2016,42,4,294,0,0
"1390",2016-10-21,21,10,2016,42,5,295,0,0
"1391",2016-10-22,22,10,2016,42,6,296,0,0
"1392",2016-10-23,23,10,2016,42,7,297,0,0
"1393",2016-10-24,24,10,2016,43,1,298,0,0
"1394",2016-10-25,25,10,2016,43,2,299,0,0
"1395",2016-10-26,26,10,2016,43,3,300,0,0
"1396",2016-10-27,27,10,2016,43,4,301,0,0
"1397",2016-10-28,28,10,2016,43,5,302,0,0
"1398",2016-10-29,29,10,2016,43,6,303,0,1
"1399",2016-10-30,30,10,2016,43,7,304,0,1
"1400",2016-10-31,31,10,2016,44,1,305,0,1
"1401",2016-11-01,1,11,2016,44,2,306,1,1
"1402",2016-11-02,2,11,2016,44,3,307,0,0
"1403",2016-11-03,3,11,2016,44,4,308,0,0
"1404",2016-11-04,4,11,2016,44,5,309,0,0
"1405",2016-11-05,5,11,2016,44,6,310,0,0
"1406",2016-11-06,6,11,2016,44,7,311,0,0
"1407",2016-11-07,7,11,2016,45,1,312,0,0
"1408",2016-11-08,8,11,2016,45,2,313,0,0
"1409",2016-11-09,9,11,2016,45,3,314,0,0
"1410",2016-11-10,10,11,2016,45,4,315,0,0
"1411",2016-11-11,11,11,2016,45,5,316,0,0
"1412",2016-11-12,12,11,2016,45,6,317,0,0
"1413",2016-11-13,13,11,2016,45,7,318,0,0
"1414",2016-11-14,14,11,2016,46,1,319,0,0
"1415",2016-11-15,15,11,2016,46,2,320,0,0
"1416",2016-11-16,16,11,2016,46,3,321,0,0
"1417",2016-11-17,17,11,2016,46,4,322,0,0
"1418",2016-11-18,18,11,2016,46,5,323,0,0
"1419",2016-11-19,19,11,2016,46,6,324,0,0
"1420",2016-11-20,20,11,2016,46,7,325,0,0
"1421",2016-11-21,21,11,2016,47,1,326,0,0
"1422",2016-11-22,22,11,2016,47,2,327,0,0
"1423",2016-11-23,23,11,2016,47,3,328,0,0
"1424",2016-11-24,24,11,2016,47,4,329,0,0
"1425",2016-11-25,25,11,2016,47,5,330,0,0
"1426",2016-11-26,26,11,2016,47,6,331,0,0
"1427",2016-11-27,27,11,2016,47,7,332,0,0
"1428",2016-11-28,28,11,2016,48,1,333,0,0
"1429",2016-11-29,29,11,2016,48,2,334,0,0
"1430",2016-11-30,30,11,2016,48,3,335,0,0
"1431",2016-12-01,1,12,2016,48,4,336,0,0
"1432",2016-12-02,2,12,2016,48,5,337,0,0
"1433",2016-12-03,3,12,2016,48,6,338,0,0
"1434",2016-12-04,4,12,2016,48,7,339,0,0
"1435",2016-12-05,5,12,2016,49,1,340,0,0
"1436",2016-12-06,6,12,2016,49,2,341,0,0
"1437",2016-12-07,7,12,2016,49,3,342,0,0
"1438",2016-12-08,8,12,2016,49,4,343,0,0
"1439",2016-12-09,9,12,2016,49,5,344,0,0
"1440",2016-12-10,10,12,2016,49,6,345,0,0
"1441",2016-12-11,11,12,2016,49,7,346,0,0
"1442",2016-12-12,12,12,2016,50,1,347,0,0
"1443",2016-12-13,13,12,2016,50,2,348,0,0
"1444",2016-12-14,14,12,2016,50,3,349,0,0
"1445",2016-12-15,15,12,2016,50,4,350,0,0
"1446",2016-12-16,16,12,2016,50,5,351,0,0
"1447",2016-12-17,17,12,2016,50,6,352,0,0
"1448",2016-12-18,18,12,2016,50,7,353,0,0
"1449",2016-12-19,19,12,2016,51,1,354,0,0
"1450",2016-12-20,20,12,2016,51,2,355,0,0
"1451",2016-12-21,21,12,2016,51,3,356,0,0
"1452",2016-12-22,22,12,2016,51,4,357,0,0
"1453",2016-12-23,23,12,2016,51,5,358,0,0
"1454",2016-12-24,24,12,2016,51,6,359,1,1
"1455",2016-12-25,25,12,2016,51,7,360,1,1
"1456",2016-12-26,26,12,2016,52,1,361,1,1
"1457",2016-12-27,27,12,2016,52,2,362,0,0
"1458",2016-12-28,28,12,2016,52,3,363,0,0
"1459",2016-12-29,29,12,2016,52,4,364,0,0
"1460",2016-12-30,30,12,2016,52,5,365,0,0
"1461",2016-12-31,31,12,2016,52,6,366,0,0
"1462",2017-01-01,1,1,2017,52,7,1,1,0
"1463",2017-01-02,2,1,2017,1,1,2,0,0
"1464",2017-01-03,3,1,2017,1,2,3,0,0
"1465",2017-01-04,4,1,2017,1,3,4,0,0
"1466",2017-01-05,5,1,2017,1,4,5,0,0
"1467",2017-01-06,6,1,2017,1,5,6,0,0
"1468",2017-01-07,7,1,2017,1,6,7,0,0
"1469",2017-01-08,8,1,2017,1,7,8,0,0
"1470",2017-01-09,9,1,2017,2,1,9,0,0
"1471",2017-01-10,10,1,2017,2,2,10,0,0
"1472",2017-01-11,11,1,2017,2,3,11,0,0
"1473",2017-01-12,12,1,2017,2,4,12,0,0
"1474",2017-01-13,13,1,2017,2,5,13,0,0
"1475",2017-01-14,14,1,2017,2,6,14,0,0
"1476",2017-01-15,15,1,2017,2,7,15,0,0
"1477",2017-01-16,16,1,2017,3,1,16,0,0
"1478",2017-01-17,17,1,2017,3,2,17,0,0
"1479",2017-01-18,18,1,2017,3,3,18,0,0
"1480",2017-01-19,19,1,2017,3,4,19,0,0
"1481",2017-01-20,20,1,2017,3,5,20,0,0
"1482",2017-01-21,21,1,2017,3,6,21,0,0
"1483",2017-01-22,22,1,2017,3,7,22,0,0
"1484",2017-01-23,23,1,2017,4,1,23,0,0
"1485",2017-01-24,24,1,2017,4,2,24,0,0
"1486",2017-01-25,25,1,2017,4,3,25,0,0
"1487",2017-01-26,26,1,2017,4,4,26,0,0
"1488",2017-01-27,27,1,2017,4,5,27,0,0
"1489",2017-01-28,28,1,2017,4,6,28,0,0
"1490",2017-01-29,29,1,2017,4,7,29,0,0
"1491",2017-01-30,30,1,2017,5,1,30,0,0
"1492",2017-01-31,31,1,2017,5,2,31,0,0
"1493",2017-02-01,1,2,2017,5,3,32,0,0
"1494",2017-02-02,2,2,2017,5,4,33,0,0
"1495",2017-02-03,3,2,2017,5,5,34,0,0
"1496",2017-02-04,4,2,2017,5,6,35,0,0
"1497",2017-02-05,5,2,2017,5,7,36,0,0
"1498",2017-02-06,6,2,2017,6,1,37,0,0
"1499",2017-02-07,7,2,2017,6,2,38,0,0
"1500",2017-02-08,8,2,2017,6,3,39,0,0
"1501",2017-02-09,9,2,2017,6,4,40,0,0
"1502",2017-02-10,10,2,2017,6,5,41,0,0
"1503",2017-02-11,11,2,2017,6,6,42,0,0
"1504",2017-02-12,12,2,2017,6,7,43,0,0
"1505",2017-02-13,13,2,2017,7,1,44,0,0
"1506",2017-02-14,14,2,2017,7,2,45,0,0
"1507",2017-02-15,15,2,2017,7,3,46,0,0
"1508",2017-02-16,16,2,2017,7,4,47,0,0
"1509",2017-02-17,17,2,2017,7,5,48,0,0
"1510",2017-02-18,18,2,2017,7,6,49,0,0
"1511",2017-02-19,19,2,2017,7,7,50,0,0
"1512",2017-02-20,20,2,2017,8,1,51,0,0
"1513",2017-02-21,21,2,2017,8,2,52,0,0
"1514",2017-02-22,22,2,2017,8,3,53,0,0
"1515",2017-02-23,23,2,2017,8,4,54,0,0
"1516",2017-02-24,24,2,2017,8,5,55,0,0
"1517",2017-02-25,25,2,2017,8,6,56,0,0
"1518",2017-02-26,26,2,2017,8,7,57,0,0
"1519",2017-02-27,27,2,2017,9,1,58,0,0
"1520",2017-02-28,28,2,2017,9,2,59,0,0
"1521",2017-03-01,1,3,2017,9,3,60,0,0
"1522",2017-03-02,2,3,2017,9,4,61,0,0
"1523",2017-03-03,3,3,2017,9,5,62,1,1
"1524",2017-03-04,4,3,2017,9,6,63,0,1
"1525",2017-03-05,5,3,2017,9,7,64,0,1
"1526",2017-03-06,6,3,2017,10,1,65,0,0
"1527",2017-03-07,7,3,2017,10,2,66,0,0
"1528",2017-03-08,8,3,2017,10,3,67,0,0
"1529",2017-03-09,9,3,2017,10,4,68,0,0
"1530",2017-03-10,10,3,2017,10,5,69,0,0
"1531",2017-03-11,11,3,2017,10,6,70,0,0
"1532",2017-03-12,12,3,2017,10,7,71,0,0
"1533",2017-03-13,13,3,2017,11,1,72,0,0
"1534",2017-03-14,14,3,2017,11,2,73,0,0
"1535",2017-03-15,15,3,2017,11,3,74,0,0
"1536",2017-03-16,16,3,2017,11,4,75,0,0
"1537",2017-03-17,17,3,2017,11,5,76,0,0
"1538",2017-03-18,18,3,2017,11,6,77,0,0
"1539",2017-03-19,19,3,2017,11,7,78,0,0
"1540",2017-03-20,20,3,2017,12,1,79,0,0
"1541",2017-03-21,21,3,2017,12,2,80,0,0
"1542",2017-03-22,22,3,2017,12,3,81,0,0
"1543",2017-03-23,23,3,2017,12,4,82,0,0
"1544",2017-03-24,24,3,2017,12,5,83,0,0
"1545",2017-03-25,25,3,2017,12,6,84,0,0
"1546",2017-03-26,26,3,2017,12,7,85,0,0
"1547",2017-03-27,27,3,2017,13,1,86,0,0
"1548",2017-03-28,28,3,2017,13,2,87,0,0
"1549",2017-03-29,29,3,2017,13,3,88,0,0
"1550",2017-03-30,30,3,2017,13,4,89,0,0
"1551",2017-03-31,31,3,2017,13,5,90,0,0
"1552",2017-04-01,1,4,2017,13,6,91,0,0
"1553",2017-04-02,2,4,2017,13,7,92,0,0
"1554",2017-04-03,3,4,2017,14,1,93,0,0
"1555",2017-04-04,4,4,2017,14,2,94,0,0
"1556",2017-04-05,5,4,2017,14,3,95,0,0
"1557",2017-04-06,6,4,2017,14,4,96,0,0
"1558",2017-04-07,7,4,2017,14,5,97,0,0
"1559",2017-04-08,8,4,2017,14,6,98,0,0
"1560",2017-04-09,9,4,2017,14,7,99,0,0
"1561",2017-04-10,10,4,2017,15,1,100,0,0
"1562",2017-04-11,11,4,2017,15,2,101,0,0
"1563",2017-04-12,12,4,2017,15,3,102,0,0
"1564",2017-04-13,13,4,2017,15,4,103,0,0
"1565",2017-04-14,14,4,2017,15,5,104,1,1
"1566",2017-04-15,15,4,2017,15,6,105,1,1
"1567",2017-04-16,16,4,2017,15,7,106,1,1
"1568",2017-04-17,17,4,2017,16,1,107,0,0
"1569",2017-04-18,18,4,2017,16,2,108,0,0
"1570",2017-04-19,19,4,2017,16,3,109,0,0
"1571",2017-04-20,20,4,2017,16,4,110,0,0
"1572",2017-04-21,21,4,2017,16,5,111,0,0
"1573",2017-04-22,22,4,2017,16,6,112,0,0
"1574",2017-04-23,23,4,2017,16,7,113,0,0
"1575",2017-04-24,24,4,2017,17,1,114,0,0
"1576",2017-04-25,25,4,2017,17,2,115,0,0
"1577",2017-04-26,26,4,2017,17,3,116,0,0
"1578",2017-04-27,27,4,2017,17,4,117,0,0
"1579",2017-04-28,28,4,2017,17,5,118,0,0
"1580",2017-04-29,29,4,2017,17,6,119,0,1
"1581",2017-04-30,30,4,2017,17,7,120,0,1
"1582",2017-05-01,1,5,2017,18,1,121,1,1
"1583",2017-05-02,2,5,2017,18,2,122,0,0
"1584",2017-05-03,3,5,2017,18,3,123,0,0
"1585",2017-05-04,4,5,2017,18,4,124,0,0
"1586",2017-05-05,5,5,2017,18,5,125,0,0
"1587",2017-05-06,6,5,2017,18,6,126,1,0
"1588",2017-05-07,7,5,2017,18,7,127,0,0
"1589",2017-05-08,8,5,2017,19,1,128,0,0
"1590",2017-05-09,9,5,2017,19,2,129,0,0
"1591",2017-05-10,10,5,2017,19,3,130,0,0
"1592",2017-05-11,11,5,2017,19,4,131,0,0
"1593",2017-05-12,12,5,2017,19,5,132,0,0
"1594",2017-05-13,13,5,2017,19,6,133,0,0
"1595",2017-05-14,14,5,2017,19,7,134,0,0
"1596",2017-05-15,15,5,2017,20,1,135,0,0
"1597",2017-05-16,16,5,2017,20,2,136,0,0
"1598",2017-05-17,17,5,2017,20,3,137,0,0
"1599",2017-05-18,18,5,2017,20,4,138,0,0
"1600",2017-05-19,19,5,2017,20,5,139,0,0
"1601",2017-05-20,20,5,2017,20,6,140,0,0
"1602",2017-05-21,21,5,2017,20,7,141,0,0
"1603",2017-05-22,22,5,2017,21,1,142,0,0
"1604",2017-05-23,23,5,2017,21,2,143,0,0
"1605",2017-05-24,24,5,2017,21,3,144,1,0
"1606",2017-05-25,25,5,2017,21,4,145,0,0
"1607",2017-05-26,26,5,2017,21,5,146,0,0
"1608",2017-05-27,27,5,2017,21,6,147,0,0
"1609",2017-05-28,28,5,2017,21,7,148,0,0
"1610",2017-05-29,29,5,2017,22,1,149,0,0
"1611",2017-05-30,30,5,2017,22,2,150,0,0
"1612",2017-05-31,31,5,2017,22,3,151,0,0
"1613",2017-06-01,1,6,2017,22,4,152,0,0
"1614",2017-06-02,2,6,2017,22,5,153,0,0
"1615",2017-06-03,3,6,2017,22,6,154,0,0
"1616",2017-06-04,4,6,2017,22,7,155,0,0
"1617",2017-06-05,5,6,2017,23,1,156,0,0
"1618",2017-06-06,6,6,2017,23,2,157,0,0
"1619",2017-06-07,7,6,2017,23,3,158,0,0
"1620",2017-06-08,8,6,2017,23,4,159,0,0
"1621",2017-06-09,9,6,2017,23,5,160,0,0
"1622",2017-06-10,10,6,2017,23,6,161,0,0
"1623",2017-06-11,11,6,2017,23,7,162,0,0
"1624",2017-06-12,12,6,2017,24,1,163,0,0
"1625",2017-06-13,13,6,2017,24,2,164,0,0
"1626",2017-06-14,14,6,2017,24,3,165,0,0
"1627",2017-06-15,15,6,2017,24,4,166,0,0
"1628",2017-06-16,16,6,2017,24,5,167,0,0
"1629",2017-06-17,17,6,2017,24,6,168,0,0
"1630",2017-06-18,18,6,2017,24,7,169,0,0
"1631",2017-06-19,19,6,2017,25,1,170,0,0
"1632",2017-06-20,20,6,2017,25,2,171,0,0
"1633",2017-06-21,21,6,2017,25,3,172,0,0
"1634",2017-06-22,22,6,2017,25,4,173,0,0
"1635",2017-06-23,23,6,2017,25,5,174,0,0
"1636",2017-06-24,24,6,2017,25,6,175,0,0
"1637",2017-06-25,25,6,2017,25,7,176,0,0
"1638",2017-06-26,26,6,2017,26,1,177,0,0
"1639",2017-06-27,27,6,2017,26,2,178,0,0
"1640",2017-06-28,28,6,2017,26,3,179,0,0
"1641",2017-06-29,29,6,2017,26,4,180,0,0
"1642",2017-06-30,30,6,2017,26,5,181,0,0
"1643",2017-07-01,1,7,2017,26,6,182,0,0
"1644",2017-07-02,2,7,2017,26,7,183,0,0
"1645",2017-07-03,3,7,2017,27,1,184,0,0
"1646",2017-07-04,4,7,2017,27,2,185,0,0
"1647",2017-07-05,5,7,2017,27,3,186,0,0
"1648",2017-07-06,6,7,2017,27,4,187,0,0
"1649",2017-07-07,7,7,2017,27,5,188,0,0
"1650",2017-07-08,8,7,2017,27,6,189,0,0
"1651",2017-07-09,9,7,2017,27,7,190,0,0
"1652",2017-07-10,10,7,2017,28,1,191,0,0
"1653",2017-07-11,11,7,2017,28,2,192,0,0
"1654",2017-07-12,12,7,2017,28,3,193,0,0
"1655",2017-07-13,13,7,2017,28,4,194,0,0
"1656",2017-07-14,14,7,2017,28,5,195,0,0
"1657",2017-07-15,15,7,2017,28,6,196,0,0
"1658",2017-07-16,16,7,2017,28,7,197,0,0
"1659",2017-07-17,17,7,2017,29,1,198,0,0
"1660",2017-07-18,18,7,2017,29,2,199,0,0
"1661",2017-07-19,19,7,2017,29,3,200,0,0
"1662",2017-07-20,20,7,2017,29,4,201,0,0
"1663",2017-07-21,21,7,2017,29,5,202,0,0
"1664",2017-07-22,22,7,2017,29,6,203,0,0
"1665",2017-07-23,23,7,2017,29,7,204,0,0
"1666",2017-07-24,24,7,2017,30,1,205,0,0
"1667",2017-07-25,25,7,2017,30,2,206,0,0
"1668",2017-07-26,26,7,2017,30,3,207,0,0
"1669",2017-07-27,27,7,2017,30,4,208,0,0
"1670",2017-07-28,28,7,2017,30,5,209,0,0
"1671",2017-07-29,29,7,2017,30,6,210,0,0
"1672",2017-07-30,30,7,2017,30,7,211,0,0
"1673",2017-07-31,31,7,2017,31,1,212,0,0
"1674",2017-08-01,1,8,2017,31,2,213,0,0
"1675",2017-08-02,2,8,2017,31,3,214,0,0
"1676",2017-08-03,3,8,2017,31,4,215,0,0
"1677",2017-08-04,4,8,2017,31,5,216,0,0
"1678",2017-08-05,5,8,2017,31,6,217,0,0
"1679",2017-08-06,6,8,2017,31,7,218,0,0
"1680",2017-08-07,7,8,2017,32,1,219,0,0
"1681",2017-08-08,8,8,2017,32,2,220,0,0
"1682",2017-08-09,9,8,2017,32,3,221,0,0
"1683",2017-08-10,10,8,2017,32,4,222,0,0
"1684",2017-08-11,11,8,2017,32,5,223,0,0
"1685",2017-08-12,12,8,2017,32,6,224,0,0
"1686",2017-08-13,13,8,2017,32,7,225,0,0
"1687",2017-08-14,14,8,2017,33,1,226,0,0
"1688",2017-08-15,15,8,2017,33,2,227,0,0
"1689",2017-08-16,16,8,2017,33,3,228,0,0
"1690",2017-08-17,17,8,2017,33,4,229,0,0
"1691",2017-08-18,18,8,2017,33,5,230,0,0
"1692",2017-08-19,19,8,2017,33,6,231,0,0
"1693",2017-08-20,20,8,2017,33,7,232,0,0
"1694",2017-08-21,21,8,2017,34,1,233,0,0
"1695",2017-08-22,22,8,2017,34,2,234,0,0
"1696",2017-08-23,23,8,2017,34,3,235,0,0
"1697",2017-08-24,24,8,2017,34,4,236,0,0
"1698",2017-08-25,25,8,2017,34,5,237,0,0
"1699",2017-08-26,26,8,2017,34,6,238,0,0
"1700",2017-08-27,27,8,2017,34,7,239,0,0
"1701",2017-08-28,28,8,2017,35,1,240,0,0
"1702",2017-08-29,29,8,2017,35,2,241,0,0
"1703",2017-08-30,30,8,2017,35,3,242,0,0
"1704",2017-08-31,31,8,2017,35,4,243,0,0
"1705",2017-09-01,1,9,2017,35,5,244,0,0
"1706",2017-09-02,2,9,2017,35,6,245,0,0
"1707",2017-09-03,3,9,2017,35,7,246,0,0
"1708",2017-09-04,4,9,2017,36,1,247,0,0
"1709",2017-09-05,5,9,2017,36,2,248,0,0
"1710",2017-09-06,6,9,2017,36,3,249,1,0
"1711",2017-09-07,7,9,2017,36,4,250,0,0
"1712",2017-09-08,8,9,2017,36,5,251,0,0
"1713",2017-09-09,9,9,2017,36,6,252,0,0
"1714",2017-09-10,10,9,2017,36,7,253,0,0
"1715",2017-09-11,11,9,2017,37,1,254,0,0
"1716",2017-09-12,12,9,2017,37,2,255,0,0
"1717",2017-09-13,13,9,2017,37,3,256,0,0
"1718",2017-09-14,14,9,2017,37,4,257,0,0
"1719",2017-09-15,15,9,2017,37,5,258,0,0
"1720",2017-09-16,16,9,2017,37,6,259,0,0
"1721",2017-09-17,17,9,2017,37,7,260,0,0
"1722",2017-09-18,18,9,2017,38,1,261,0,0
"1723",2017-09-19,19,9,2017,38,2,262,0,0
"1724",2017-09-20,20,9,2017,38,3,263,0,0
"1725",2017-09-21,21,9,2017,38,4,264,0,0
"1726",2017-09-22,22,9,2017,38,5,265,1,1
"1727",2017-09-23,23,9,2017,38,6,266,0,1
"1728",2017-09-24,24,9,2017,38,7,267,0,1
"1729",2017-09-25,25,9,2017,39,1,268,0,0
"1730",2017-09-26,26,9,2017,39,2,269,0,0
"1731",2017-09-27,27,9,2017,39,3,270,0,0
"1732",2017-09-28,28,9,2017,39,4,271,0,0
"1733",2017-09-29,29,9,2017,39,5,272,0,0
"1734",2017-09-30,30,9,2017,39,6,273,0,0
"1735",2017-10-01,1,10,2017,39,7,274,0,0
"1736",2017-10-02,2,10,2017,40,1,275,0,0
"1737",2017-10-03,3,10,2017,40,2,276,0,0
"1738",2017-10-04,4,10,2017,40,3,277,0,0
"1739",2017-10-05,5,10,2017,40,4,278,0,0
"1740",2017-10-06,6,10,2017,40,5,279,0,0
"1741",2017-10-07,7,10,2017,40,6,280,0,0
"1742",2017-10-08,8,10,2017,40,7,281,0,0
"1743",2017-10-09,9,10,2017,41,1,282,0,0
"1744",2017-10-10,10,10,2017,41,2,283,0,0
"1745",2017-10-11,11,10,2017,41,3,284,0,0
"1746",2017-10-12,12,10,2017,41,4,285,0,0
"1747",2017-10-13,13,10,2017,41,5,286,0,0
"1748",2017-10-14,14,10,2017,41,6,287,0,0
"1749",2017-10-15,15,10,2017,41,7,288,0,0
"1750",2017-10-16,16,10,2017,42,1,289,0,0
"1751",2017-10-17,17,10,2017,42,2,290,0,0
"1752",2017-10-18,18,10,2017,42,3,291,0,0
"1753",2017-10-19,19,10,2017,42,4,292,0,0
"1754",2017-10-20,20,10,2017,42,5,293,0,0
"1755",2017-10-21,21,10,2017,42,6,294,0,0
"1756",2017-10-22,22,10,2017,42,7,295,0,0
"1757",2017-10-23,23,10,2017,43,1,296,0,0
"1758",2017-10-24,24,10,2017,43,2,297,0,0
"1759",2017-10-25,25,10,2017,43,3,298,0,0
"1760",2017-10-26,26,10,2017,43,4,299,0,0
"1761",2017-10-27,27,10,2017,43,5,300,0,0
"1762",2017-10-28,28,10,2017,43,6,301,0,0
"1763",2017-10-29,29,10,2017,43,7,302,0,0
"1764",2017-10-30,30,10,2017,44,1,303,0,0
"1765",2017-10-31,31,10,2017,44,2,304,0,0
"1766",2017-11-01,1,11,2017,44,3,305,1,0
"1767",2017-11-02,2,11,2017,44,4,306,0,0
"1768",2017-11-03,3,11,2017,44,5,307,0,0
"1769",2017-11-04,4,11,2017,44,6,308,0,0
"1770",2017-11-05,5,11,2017,44,7,309,0,0
"1771",2017-11-06,6,11,2017,45,1,310,0,0
"1772",2017-11-07,7,11,2017,45,2,311,0,0
"1773",2017-11-08,8,11,2017,45,3,312,0,0
"1774",2017-11-09,9,11,2017,45,4,313,0,0
"1775",2017-11-10,10,11,2017,45,5,314,0,0
"1776",2017-11-11,11,11,2017,45,6,315,0,0
"1777",2017-11-12,12,11,2017,45,7,316,0,0
"1778",2017-11-13,13,11,2017,46,1,317,0,0
"1779",2017-11-14,14,11,2017,46,2,318,0,0
"1780",2017-11-15,15,11,2017,46,3,319,0,0
"1781",2017-11-16,16,11,2017,46,4,320,0,0
"1782",2017-11-17,17,11,2017,46,5,321,0,0
"1783",2017-11-18,18,11,2017,46,6,322,0,0
"1784",2017-11-19,19,11,2017,46,7,323,0,0
"1785",2017-11-20,20,11,2017,47,1,324,0,0
"1786",2017-11-21,21,11,2017,47,2,325,0,0
"1787",2017-11-22,22,11,2017,47,3,326,0,0
"1788",2017-11-23,23,11,2017,47,4,327,0,0
"1789",2017-11-24,24,11,2017,47,5,328,0,0
"1790",2017-11-25,25,11,2017,47,6,329,0,0
"1791",2017-11-26,26,11,2017,47,7,330,0,0
"1792",2017-11-27,27,11,2017,48,1,331,0,0
"1793",2017-11-28,28,11,2017,48,2,332,0,0
"1794",2017-11-29,29,11,2017,48,3,333,0,0
"1795",2017-11-30,30,11,2017,48,4,334,0,0
"1796",2017-12-01,1,12,2017,48,5,335,0,0
"1797",2017-12-02,2,12,2017,48,6,336,0,0
"1798",2017-12-03,3,12,2017,48,7,337,0,0
"1799",2017-12-04,4,12,2017,49,1,338,0,0
"1800",2017-12-05,5,12,2017,49,2,339,0,0
"1801",2017-12-06,6,12,2017,49,3,340,0,0
"1802",2017-12-07,7,12,2017,49,4,341,0,0
"1803",2017-12-08,8,12,2017,49,5,342,0,0
"1804",2017-12-09,9,12,2017,49,6,343,0,0
"1805",2017-12-10,10,12,2017,49,7,344,0,0
"1806",2017-12-11,11,12,2017,50,1,345,0,0
"1807",2017-12-12,12,12,2017,50,2,346,0,0
"1808",2017-12-13,13,12,2017,50,3,347,0,0
"1809",2017-12-14,14,12,2017,50,4,348,0,0
"1810",2017-12-15,15,12,2017,50,5,349,0,0
"1811",2017-12-16,16,12,2017,50,6,350,0,0
"1812",2017-12-17,17,12,2017,50,7,351,0,0
"1813",2017-12-18,18,12,2017,51,1,352,0,0
"1814",2017-12-19,19,12,2017,51,2,353,0,0
"1815",2017-12-20,20,12,2017,51,3,354,0,0
"1816",2017-12-21,21,12,2017,51,4,355,0,0
"1817",2017-12-22,22,12,2017,51,5,356,0,0
"1818",2017-12-23,23,12,2017,51,6,357,0,1
"1819",2017-12-24,24,12,2017,51,7,358,1,1
"1820",2017-12-25,25,12,2017,52,1,359,1,1
"1821",2017-12-26,26,12,2017,52,2,360,1,1
"1822",2017-12-27,27,12,2017,52,3,361,0,0
"1823",2017-12-28,28,12,2017,52,4,362,0,0
"1824",2017-12-29,29,12,2017,52,5,363,0,0
"1825",2017-12-30,30,12,2017,52,6,364,0,1
"1826",2017-12-31,31,12,2017,52,7,365,0,1
"1827",2018-01-01,1,1,2018,1,1,1,1,1
"1828",2018-01-02,2,1,2018,1,2,2,0,0
"1829",2018-01-03,3,1,2018,1,3,3,0,0
"1830",2018-01-04,4,1,2018,1,4,4,0,0
"1831",2018-01-05,5,1,2018,1,5,5,0,0
"1832",2018-01-06,6,1,2018,1,6,6,0,0
"1833",2018-01-07,7,1,2018,1,7,7,0,0
"1834",2018-01-08,8,1,2018,2,1,8,0,0
"1835",2018-01-09,9,1,2018,2,2,9,0,0
"1836",2018-01-10,10,1,2018,2,3,10,0,0
"1837",2018-01-11,11,1,2018,2,4,11,0,0
"1838",2018-01-12,12,1,2018,2,5,12,0,0
"1839",2018-01-13,13,1,2018,2,6,13,0,0
"1840",2018-01-14,14,1,2018,2,7,14,0,0
"1841",2018-01-15,15,1,2018,3,1,15,0,0
"1842",2018-01-16,16,1,2018,3,2,16,0,0
"1843",2018-01-17,17,1,2018,3,3,17,0,0
"1844",2018-01-18,18,1,2018,3,4,18,0,0
"1845",2018-01-19,19,1,2018,3,5,19,0,0
"1846",2018-01-20,20,1,2018,3,6,20,0,0
"1847",2018-01-21,21,1,2018,3,7,21,0,0
"1848",2018-01-22,22,1,2018,4,1,22,0,0
"1849",2018-01-23,23,1,2018,4,2,23,0,0
"1850",2018-01-24,24,1,2018,4,3,24,0,0
"1851",2018-01-25,25,1,2018,4,4,25,0,0
"1852",2018-01-26,26,1,2018,4,5,26,0,0
"1853",2018-01-27,27,1,2018,4,6,27,0,0
"1854",2018-01-28,28,1,2018,4,7,28,0,0
"1855",2018-01-29,29,1,2018,5,1,29,0,0
"1856",2018-01-30,30,1,2018,5,2,30,0,0
"1857",2018-01-31,31,1,2018,5,3,31,0,0
"1858",2018-02-01,1,2,2018,5,4,32,0,0
"1859",2018-02-02,2,2,2018,5,5,33,0,0
"1860",2018-02-03,3,2,2018,5,6,34,0,0
"1861",2018-02-04,4,2,2018,5,7,35,0,0
"1862",2018-02-05,5,2,2018,6,1,36,0,0
"1863",2018-02-06,6,2,2018,6,2,37,0,0
"1864",2018-02-07,7,2,2018,6,3,38,0,0
"1865",2018-02-08,8,2,2018,6,4,39,0,0
"1866",2018-02-09,9,2,2018,6,5,40,0,0
"1867",2018-02-10,10,2,2018,6,6,41,0,0
"1868",2018-02-11,11,2,2018,6,7,42,0,0
"1869",2018-02-12,12,2,2018,7,1,43,0,0
"1870",2018-02-13,13,2,2018,7,2,44,0,0
"1871",2018-02-14,14,2,2018,7,3,45,0,0
"1872",2018-02-15,15,2,2018,7,4,46,0,0
"1873",2018-02-16,16,2,2018,7,5,47,0,0
"1874",2018-02-17,17,2,2018,7,6,48,0,0
"1875",2018-02-18,18,2,2018,7,7,49,0,0
"1876",2018-02-19,19,2,2018,8,1,50,0,0
"1877",2018-02-20,20,2,2018,8,2,51,0,0
"1878",2018-02-21,21,2,2018,8,3,52,0,0
"1879",2018-02-22,22,2,2018,8,4,53,0,0
"1880",2018-02-23,23,2,2018,8,5,54,0,0
"1881",2018-02-24,24,2,2018,8,6,55,0,0
"1882",2018-02-25,25,2,2018,8,7,56,0,0
"1883",2018-02-26,26,2,2018,9,1,57,0,0
"1884",2018-02-27,27,2,2018,9,2,58,0,0
"1885",2018-02-28,28,2,2018,9,3,59,0,0
"1886",2018-03-01,1,3,2018,9,4,60,0,0
"1887",2018-03-02,2,3,2018,9,5,61,0,0
"1888",2018-03-03,3,3,2018,9,6,62,1,0
"1889",2018-03-04,4,3,2018,9,7,63,0,0
"1890",2018-03-05,5,3,2018,10,1,64,0,0
"1891",2018-03-06,6,3,2018,10,2,65,0,0
"1892",2018-03-07,7,3,2018,10,3,66,0,0
"1893",2018-03-08,8,3,2018,10,4,67,0,0
"1894",2018-03-09,9,3,2018,10,5,68,0,0
"1895",2018-03-10,10,3,2018,10,6,69,0,0
"1896",2018-03-11,11,3,2018,10,7,70,0,0
"1897",2018-03-12,12,3,2018,11,1,71,0,0
"1898",2018-03-13,13,3,2018,11,2,72,0,0
"1899",2018-03-14,14,3,2018,11,3,73,0,0
"1900",2018-03-15,15,3,2018,11,4,74,0,0
"1901",2018-03-16,16,3,2018,11,5,75,0,0
"1902",2018-03-17,17,3,2018,11,6,76,0,0
"1903",2018-03-18,18,3,2018,11,7,77,0,0
"1904",2018-03-19,19,3,2018,12,1,78,0,0
"1905",2018-03-20,20,3,2018,12,2,79,0,0
"1906",2018-03-21,21,3,2018,12,3,80,0,0
"1907",2018-03-22,22,3,2018,12,4,81,0,0
"1908",2018-03-23,23,3,2018,12,5,82,0,0
"1909",2018-03-24,24,3,2018,12,6,83,0,0
"1910",2018-03-25,25,3,2018,12,7,84,0,0
"1911",2018-03-26,26,3,2018,13,1,85,0,0
"1912",2018-03-27,27,3,2018,13,2,86,0,0
"1913",2018-03-28,28,3,2018,13,3,87,0,0
"1914",2018-03-29,29,3,2018,13,4,88,0,0
"1915",2018-03-30,30,3,2018,13,5,89,0,0
"1916",2018-03-31,31,3,2018,13,6,90,0,0
"1917",2018-04-01,1,4,2018,13,7,91,0,0
"1918",2018-04-02,2,4,2018,14,1,92,0,0
"1919",2018-04-03,3,4,2018,14,2,93,0,0
"1920",2018-04-04,4,4,2018,14,3,94,0,0
"1921",2018-04-05,5,4,2018,14,4,95,0,0
"1922",2018-04-06,6,4,2018,14,5,96,1,1
"1923",2018-04-07,7,4,2018,14,6,97,1,1
"1924",2018-04-08,8,4,2018,14,7,98,1,1
"1925",2018-04-09,9,4,2018,15,1,99,0,0
"1926",2018-04-10,10,4,2018,15,2,100,0,0
"1927",2018-04-11,11,4,2018,15,3,101,0,0
"1928",2018-04-12,12,4,2018,15,4,102,0,0
"1929",2018-04-13,13,4,2018,15,5,103,0,0
"1930",2018-04-14,14,4,2018,15,6,104,0,0
"1931",2018-04-15,15,4,2018,15,7,105,0,0
"1932",2018-04-16,16,4,2018,16,1,106,0,0
"1933",2018-04-17,17,4,2018,16,2,107,0,0
"1934",2018-04-18,18,4,2018,16,3,108,0,0
"1935",2018-04-19,19,4,2018,16,4,109,0,0
"1936",2018-04-20,20,4,2018,16,5,110,0,0
"1937",2018-04-21,21,4,2018,16,6,111,0,0
"1938",2018-04-22,22,4,2018,16,7,112,0,0
"1939",2018-04-23,23,4,2018,17,1,113,0,0
"1940",2018-04-24,24,4,2018,17,2,114,0,0
"1941",2018-04-25,25,4,2018,17,3,115,0,0
"1942",2018-04-26,26,4,2018,17,4,116,0,0
"1943",2018-04-27,27,4,2018,17,5,117,0,0
"1944",2018-04-28,28,4,2018,17,6,118,0,1
"1945",2018-04-29,29,4,2018,17,7,119,0,1
"1946",2018-04-30,30,4,2018,18,1,120,0,1
"1947",2018-05-01,1,5,2018,18,2,121,1,1
"1948",2018-05-02,2,5,2018,18,3,122,0,0
"1949",2018-05-03,3,5,2018,18,4,123,0,0
"1950",2018-05-04,4,5,2018,18,5,124,0,0
"1951",2018-05-05,5,5,2018,18,6,125,0,0
"1952",2018-05-06,6,5,2018,18,7,126,1,0
"1953",2018-05-07,7,5,2018,19,1,127,0,0
"1954",2018-05-08,8,5,2018,19,2,128,0,0
"1955",2018-05-09,9,5,2018,19,3,129,0,0
"1956",2018-05-10,10,5,2018,19,4,130,0,0
"1957",2018-05-11,11,5,2018,19,5,131,0,0
"1958",2018-05-12,12,5,2018,19,6,132,0,0
"1959",2018-05-13,13,5,2018,19,7,133,0,0
"1960",2018-05-14,14,5,2018,20,1,134,0,0
"1961",2018-05-15,15,5,2018,20,2,135,0,0
"1962",2018-05-16,16,5,2018,20,3,136,0,0
"1963",2018-05-17,17,5,2018,20,4,137,0,0
"1964",2018-05-18,18,5,2018,20,5,138,0,0
"1965",2018-05-19,19,5,2018,20,6,139,0,0
"1966",2018-05-20,20,5,2018,20,7,140,0,0
"1967",2018-05-21,21,5,2018,21,1,141,0,0
"1968",2018-05-22,22,5,2018,21,2,142,0,0
"1969",2018-05-23,23,5,2018,21,3,143,0,0
"1970",2018-05-24,24,5,2018,21,4,144,1,1
"1971",2018-05-25,25,5,2018,21,5,145,0,1
"1972",2018-05-26,26,5,2018,21,6,146,0,1
"1973",2018-05-27,27,5,2018,21,7,147,0,1
"1974",2018-05-28,28,5,2018,22,1,148,0,0
"1975",2018-05-29,29,5,2018,22,2,149,0,0
"1976",2018-05-30,30,5,2018,22,3,150,0,0
"1977",2018-05-31,31,5,2018,22,4,151,0,0
"1978",2018-06-01,1,6,2018,22,5,152,0,0
"1979",2018-06-02,2,6,2018,22,6,153,0,0
"1980",2018-06-03,3,6,2018,22,7,154,0,0
"1981",2018-06-04,4,6,2018,23,1,155,0,0
"1982",2018-06-05,5,6,2018,23,2,156,0,0
"1983",2018-06-06,6,6,2018,23,3,157,0,0
"1984",2018-06-07,7,6,2018,23,4,158,0,0
"1985",2018-06-08,8,6,2018,23,5,159,0,0
"1986",2018-06-09,9,6,2018,23,6,160,0,0
"1987",2018-06-10,10,6,2018,23,7,161,0,0
"1988",2018-06-11,11,6,2018,24,1,162,0,0
"1989",2018-06-12,12,6,2018,24,2,163,0,0
"1990",2018-06-13,13,6,2018,24,3,164,0,0
"1991",2018-06-14,14,6,2018,24,4,165,0,0
"1992",2018-06-15,15,6,2018,24,5,166,0,0
"1993",2018-06-16,16,6,2018,24,6,167,0,0
"1994",2018-06-17,17,6,2018,24,7,168,0,0
"1995",2018-06-18,18,6,2018,25,1,169,0,0
"1996",2018-06-19,19,6,2018,25,2,170,0,0
"1997",2018-06-20,20,6,2018,25,3,171,0,0
"1998",2018-06-21,21,6,2018,25,4,172,0,0
"1999",2018-06-22,22,6,2018,25,5,173,0,0
"2000",2018-06-23,23,6,2018,25,6,174,0,0
"2001",2018-06-24,24,6,2018,25,7,175,0,0
"2002",2018-06-25,25,6,2018,26,1,176,0,0
"2003",2018-06-26,26,6,2018,26,2,177,0,0
"2004",2018-06-27,27,6,2018,26,3,178,0,0
"2005",2018-06-28,28,6,2018,26,4,179,0,0
"2006",2018-06-29,29,6,2018,26,5,180,0,0
"2007",2018-06-30,30,6,2018,26,6,181,0,0
"2008",2018-07-01,1,7,2018,26,7,182,0,0
"2009",2018-07-02,2,7,2018,27,1,183,0,0
"2010",2018-07-03,3,7,2018,27,2,184,0,0
"2011",2018-07-04,4,7,2018,27,3,185,0,0
"2012",2018-07-05,5,7,2018,27,4,186,0,0
"2013",2018-07-06,6,7,2018,27,5,187,0,0
"2014",2018-07-07,7,7,2018,27,6,188,0,0
"2015",2018-07-08,8,7,2018,27,7,189,0,0
"2016",2018-07-09,9,7,2018,28,1,190,0,0
"2017",2018-07-10,10,7,2018,28,2,191,0,0
"2018",2018-07-11,11,7,2018,28,3,192,0,0
"2019",2018-07-12,12,7,2018,28,4,193,0,0
"2020",2018-07-13,13,7,2018,28,5,194,0,0
"2021",2018-07-14,14,7,2018,28,6,195,0,0
"2022",2018-07-15,15,7,2018,28,7,196,0,0
"2023",2018-07-16,16,7,2018,29,1,197,0,0
"2024",2018-07-17,17,7,2018,29,2,198,0,0
"2025",2018-07-18,18,7,2018,29,3,199,0,0
"2026",2018-07-19,19,7,2018,29,4,200,0,0
"2027",2018-07-20,20,7,2018,29,5,201,0,0
"2028",2018-07-21,21,7,2018,29,6,202,0,0
"2029",2018-07-22,22,7,2018,29,7,203,0,0
"2030",2018-07-23,23,7,2018,30,1,204,0,0
"2031",2018-07-24,24,7,2018,30,2,205,0,0
"2032",2018-07-25,25,7,2018,30,3,206,0,0
"2033",2018-07-26,26,7,2018,30,4,207,0,0
"2034",2018-07-27,27,7,2018,30,5,208,0,0
"2035",2018-07-28,28,7,2018,30,6,209,0,0
"2036",2018-07-29,29,7,2018,30,7,210,0,0
"2037",2018-07-30,30,7,2018,31,1,211,0,0
"2038",2018-07-31,31,7,2018,31,2,212,0,0
"2039",2018-08-01,1,8,2018,31,3,213,0,0
"2040",2018-08-02,2,8,2018,31,4,214,0,0
"2041",2018-08-03,3,8,2018,31,5,215,0,0
"2042",2018-08-04,4,8,2018,31,6,216,0,0
"2043",2018-08-05,5,8,2018,31,7,217,0,0
"2044",2018-08-06,6,8,2018,32,1,218,0,0
"2045",2018-08-07,7,8,2018,32,2,219,0,0
"2046",2018-08-08,8,8,2018,32,3,220,0,0
"2047",2018-08-09,9,8,2018,32,4,221,0,0
"2048",2018-08-10,10,8,2018,32,5,222,0,0
"2049",2018-08-11,11,8,2018,32,6,223,0,0
"2050",2018-08-12,12,8,2018,32,7,224,0,0
"2051",2018-08-13,13,8,2018,33,1,225,0,0
"2052",2018-08-14,14,8,2018,33,2,226,0,0
"2053",2018-08-15,15,8,2018,33,3,227,0,0
"2054",2018-08-16,16,8,2018,33,4,228,0,0
"2055",2018-08-17,17,8,2018,33,5,229,0,0
"2056",2018-08-18,18,8,2018,33,6,230,0,0
"2057",2018-08-19,19,8,2018,33,7,231,0,0
"2058",2018-08-20,20,8,2018,34,1,232,0,0
"2059",2018-08-21,21,8,2018,34,2,233,0,0
"2060",2018-08-22,22,8,2018,34,3,234,0,0
"2061",2018-08-23,23,8,2018,34,4,235,0,0
"2062",2018-08-24,24,8,2018,34,5,236,0,0
"2063",2018-08-25,25,8,2018,34,6,237,0,0
"2064",2018-08-26,26,8,2018,34,7,238,0,0
"2065",2018-08-27,27,8,2018,35,1,239,0,0
"2066",2018-08-28,28,8,2018,35,2,240,0,0
"2067",2018-08-29,29,8,2018,35,3,241,0,0
"2068",2018-08-30,30,8,2018,35,4,242,0,0
"2069",2018-08-31,31,8,2018,35,5,243,0,0
"2070",2018-09-01,1,9,2018,35,6,244,0,0
"2071",2018-09-02,2,9,2018,35,7,245,0,0
"2072",2018-09-03,3,9,2018,36,1,246,0,0
"2073",2018-09-04,4,9,2018,36,2,247,0,0
"2074",2018-09-05,5,9,2018,36,3,248,0,0
"2075",2018-09-06,6,9,2018,36,4,249,1,1
"2076",2018-09-07,7,9,2018,36,5,250,0,1
"2077",2018-09-08,8,9,2018,36,6,251,0,1
"2078",2018-09-09,9,9,2018,36,7,252,0,1
"2079",2018-09-10,10,9,2018,37,1,253,0,0
"2080",2018-09-11,11,9,2018,37,2,254,0,0
"2081",2018-09-12,12,9,2018,37,3,255,0,0
"2082",2018-09-13,13,9,2018,37,4,256,0,0
"2083",2018-09-14,14,9,2018,37,5,257,0,0
"2084",2018-09-15,15,9,2018,37,6,258,0,0
"2085",2018-09-16,16,9,2018,37,7,259,0,0
"2086",2018-09-17,17,9,2018,38,1,260,0,0
